"sessionId","completedAt","metadata","participantId","participantUsername","procedureId","procedureName","steps","totalTimeSec","trainNumber"
"sess_1764864325424_5lb9an","2025-12-04T16:05:25.424Z","{""createdAt"":{""S"":""2025-12-04T16:05:25.424Z""},""version"":{""S"":""1.0""},""completedAt"":{""S"":""2025-12-04T16:05:25.480Z""}}","P8","user_31","3","Pressure Testing - Train 1","[{""M"":{""stepId"":{""N"":""41""},""subStepsShown"":{""BOOL"":false},""timeSpentSec"":{""N"":""36""},""stepNumber"":{""N"":""1""},""exceededThreshold"":{""BOOL"":true}}},{""M"":{""stepId"":{""N"":""42""},""subStepsShown"":{""BOOL"":false},""timeSpentSec"":{""N"":""5""},""stepNumber"":{""N"":""2""},""exceededThreshold"":{""BOOL"":false}}},{""M"":{""stepId"":{""N"":""43""},""subStepsShown"":{""BOOL"":false},""timeSpentSec"":{""N"":""3""},""stepNumber"":{""N"":""3""},""exceededThreshold"":{""BOOL"":false}}},{""M"":{""stepId"":{""N"":""44""},""subStepsShown"":{""BOOL"":false},""timeSpentSec"":{""N"":""21""},""stepNumber"":{""N"":""4""},""exceededThreshold"":{""BOOL"":false}}},{""M"":{""stepId"":{""N"":""45""},""subStepsShown"":{""BOOL"":false},""timeSpentSec"":{""N"":""28""},""stepNumber"":{""N"":""5""},""exceededThreshold"":{""BOOL"":false}}},{""M"":{""stepId"":{""N"":""50""},""subStepsShown"":{""BOOL"":false},""timeSpentSec"":{""N"":""96""},""stepNumber"":{""N"":""6""},""exceededThreshold"":{""BOOL"":false}}},{""M"":{""stepId"":{""N"":""51""},""subStepsShown"":{""BOOL"":false},""timeSpentSec"":{""N"":""112""},""stepNumber"":{""N"":""7""},""exceededThreshold"":{""BOOL"":true}}},{""M"":{""stepId"":{""N"":""52""},""subStepsShown"":{""BOOL"":true},""timeSpentSec"":{""N"":""83""},""stepNumber"":{""N"":""8""},""exceededThreshold"":{""BOOL"":true}}},{""M"":{""stepId"":{""N"":""53""},""subStepsShown"":{""BOOL"":false},""timeSpentSec"":{""N"":""2""},""stepNumber"":{""N"":""9""},""exceededThreshold"":{""BOOL"":false}}},{""M"":{""stepId"":{""N"":""54""},""subStepsShown"":{""BOOL"":true},""timeSpentSec"":{""N"":""36""},""stepNumber"":{""N"":""10""},""exceededThreshold"":{""BOOL"":true}}},{""M"":{""stepId"":{""N"":""55""},""subStepsShown"":{""BOOL"":false},""timeSpentSec"":{""N"":""2""},""stepNumber"":{""N"":""11""},""exceededThreshold"":{""BOOL"":false}}},{""M"":{""stepId"":{""N"":""56""},""subStepsShown"":{""BOOL"":false},""timeSpentSec"":{""N"":""5""},""stepNumber"":{""N"":""12""},""exceededThreshold"":{""BOOL"":false}}},{""M"":{""stepId"":{""N"":""57""},""subStepsShown"":{""BOOL"":false},""timeSpentSec"":{""N"":""16""},""stepNumber"":{""N"":""13""},""exceededThreshold"":{""BOOL"":false}}},{""M"":{""stepId"":{""N"":""58""},""subStepsShown"":{""BOOL"":false},""timeSpentSec"":{""N"":""31""},""stepNumber"":{""N"":""14""},""exceededThreshold"":{""BOOL"":true}}}]","483","1"
"sess_1764862523271_0nsmez","2025-12-04T15:35:23.295Z","{""createdAt"":{""S"":""2025-12-04T15:35:23.295Z""},""version"":{""S"":""1.0""},""completedAt"":{""S"":""2025-12-04T15:35:20.748Z""}}","P10","user12","3","Pressure Testing - Train 2","[{""M"":{""stepId"":{""N"":""41""},""subStepsShown"":{""BOOL"":false},""timeSpentSec"":{""N"":""121""},""stepNumber"":{""N"":""1""},""exceededThreshold"":{""BOOL"":true}}},{""M"":{""stepId"":{""N"":""42""},""subStepsShown"":{""BOOL"":false},""timeSpentSec"":{""N"":""22""},""stepNumber"":{""N"":""2""},""exceededThreshold"":{""BOOL"":false}}},{""M"":{""stepId"":{""N"":""43""},""subStepsShown"":{""BOOL"":false},""timeSpentSec"":{""N"":""62""},""stepNumber"":{""N"":""3""},""exceededThreshold"":{""BOOL"":false}}},{""M"":{""stepId"":{""N"":""44""},""subStepsShown"":{""BOOL"":false},""timeSpentSec"":{""N"":""31""},""stepNumber"":{""N"":""4""},""exceededThreshold"":{""BOOL"":false}}},{""M"":{""stepId"":{""N"":""45""},""subStepsShown"":{""BOOL"":false},""timeSpentSec"":{""N"":""3""},""stepNumber"":{""N"":""5""},""exceededThreshold"":{""BOOL"":false}}},{""M"":{""stepId"":{""N"":""50""},""subStepsShown"":{""BOOL"":false},""timeSpentSec"":{""N"":""203""},""stepNumber"":{""N"":""6""},""exceededThreshold"":{""BOOL"":false}}},{""M"":{""stepId"":{""N"":""51""},""subStepsShown"":{""BOOL"":false},""timeSpentSec"":{""N"":""53""},""stepNumber"":{""N"":""7""},""exceededThreshold"":{""BOOL"":false}}},{""M"":{""stepId"":{""N"":""52""},""subStepsShown"":{""BOOL"":true},""timeSpentSec"":{""N"":""88""},""stepNumber"":{""N"":""8""},""exceededThreshold"":{""BOOL"":true}}},{""M"":{""stepId"":{""N"":""53""},""subStepsShown"":{""BOOL"":false},""timeSpentSec"":{""N"":""55""},""stepNumber"":{""N"":""9""},""exceededThreshold"":{""BOOL"":false}}},{""M"":{""stepId"":{""N"":""54""},""subStepsShown"":{""BOOL"":false},""timeSpentSec"":{""N"":""13""},""stepNumber"":{""N"":""10""},""exceededThreshold"":{""BOOL"":false}}},{""M"":{""stepId"":{""N"":""55""},""subStepsShown"":{""BOOL"":false},""timeSpentSec"":{""N"":""19""},""stepNumber"":{""N"":""11""},""exceededThreshold"":{""BOOL"":false}}},{""M"":{""stepId"":{""N"":""56""},""subStepsShown"":{""BOOL"":false},""timeSpentSec"":{""N"":""12""},""stepNumber"":{""N"":""12""},""exceededThreshold"":{""BOOL"":false}}},{""M"":{""stepId"":{""N"":""57""},""subStepsShown"":{""BOOL"":false},""timeSpentSec"":{""N"":""20""},""stepNumber"":{""N"":""13""},""exceededThreshold"":{""BOOL"":false}}},{""M"":{""stepId"":{""N"":""58""},""subStepsShown"":{""BOOL"":false},""timeSpentSec"":{""N"":""8""},""stepNumber"":{""N"":""14""},""exceededThreshold"":{""BOOL"":false}}}]","718","2"
"sess_1764873793901_qatgkd","2025-12-04T18:43:13.901Z","{""createdAt"":{""S"":""2025-12-04T18:43:13.901Z""},""version"":{""S"":""1.0""},""completedAt"":{""S"":""2025-12-04T18:43:12.499Z""}}","P12","user_33","1","Centrifuge - Train 1","[{""M"":{""stepId"":{""N"":""1""},""subStepsShown"":{""BOOL"":true},""timeSpentSec"":{""N"":""69""},""stepNumber"":{""N"":""1""},""exceededThreshold"":{""BOOL"":true}}},{""M"":{""stepId"":{""N"":""2""},""subStepsShown"":{""BOOL"":false},""timeSpentSec"":{""N"":""6""},""stepNumber"":{""N"":""2""},""exceededThreshold"":{""BOOL"":false}}},{""M"":{""stepId"":{""N"":""6""},""subStepsShown"":{""BOOL"":true},""timeSpentSec"":{""N"":""1909""},""stepNumber"":{""N"":""3""},""exceededThreshold"":{""BOOL"":true}}},{""M"":{""stepId"":{""N"":""11""},""subStepsShown"":{""BOOL"":false},""timeSpentSec"":{""N"":""31""},""stepNumber"":{""N"":""4""},""exceededThreshold"":{""BOOL"":false}}},{""M"":{""stepId"":{""N"":""12""},""subStepsShown"":{""BOOL"":false},""timeSpentSec"":{""N"":""375""},""stepNumber"":{""N"":""5""},""exceededThreshold"":{""BOOL"":true}}},{""M"":{""stepId"":{""N"":""13""},""subStepsShown"":{""BOOL"":false},""timeSpentSec"":{""N"":""37""},""stepNumber"":{""N"":""6""},""exceededThreshold"":{""BOOL"":false}}},{""M"":{""stepId"":{""N"":""14""},""subStepsShown"":{""BOOL"":false},""timeSpentSec"":{""N"":""7""},""stepNumber"":{""N"":""7""},""exceededThreshold"":{""BOOL"":false}}},{""M"":{""stepId"":{""N"":""15""},""subStepsShown"":{""BOOL"":false},""timeSpentSec"":{""N"":""4""},""stepNumber"":{""N"":""8""},""exceededThreshold"":{""BOOL"":false}}}]","2441","1"
"sess_1764727535022_qlp8jh","2025-12-03T02:05:35.022Z","{""createdAt"":{""S"":""2025-12-03T02:05:35.022Z""},""version"":{""S"":""1.0""},""completedAt"":{""S"":""2025-12-03T02:05:33.156Z""}}","P6","test_user","1","Centrifuge - Train 1","[{""M"":{""stepId"":{""N"":""1""},""subStepsShown"":{""BOOL"":false},""timeSpentSec"":{""N"":""1""},""stepNumber"":{""N"":""1""},""exceededThreshold"":{""BOOL"":false}}},{""M"":{""stepId"":{""N"":""2""},""subStepsShown"":{""BOOL"":false},""timeSpentSec"":{""N"":""2""},""stepNumber"":{""N"":""2""},""exceededThreshold"":{""BOOL"":false}}},{""M"":{""stepId"":{""N"":""6""},""subStepsShown"":{""BOOL"":false},""timeSpentSec"":{""N"":""2""},""stepNumber"":{""N"":""3""},""exceededThreshold"":{""BOOL"":false}}},{""M"":{""stepId"":{""N"":""11""},""subStepsShown"":{""BOOL"":true},""timeSpentSec"":{""N"":""75""},""stepNumber"":{""N"":""4""},""exceededThreshold"":{""BOOL"":true}}},{""M"":{""stepId"":{""N"":""12""},""subStepsShown"":{""BOOL"":false},""timeSpentSec"":{""N"":""2""},""stepNumber"":{""N"":""5""},""exceededThreshold"":{""BOOL"":false}}},{""M"":{""stepId"":{""N"":""13""},""subStepsShown"":{""BOOL"":false},""timeSpentSec"":{""N"":""1""},""stepNumber"":{""N"":""6""},""exceededThreshold"":{""BOOL"":false}}},{""M"":{""stepId"":{""N"":""14""},""subStepsShown"":{""BOOL"":false},""timeSpentSec"":{""N"":""1""},""stepNumber"":{""N"":""7""},""exceededThreshold"":{""BOOL"":false}}},{""M"":{""stepId"":{""N"":""15""},""subStepsShown"":{""BOOL"":false},""timeSpentSec"":{""N"":""0""},""stepNumber"":{""N"":""8""},""exceededThreshold"":{""BOOL"":false}}}]","86","1"
"sess_1764881214955_9vqqte","2025-12-04T20:46:54.956Z","{""createdAt"":{""S"":""2025-12-04T20:46:54.956Z""},""version"":{""S"":""1.0""},""completedAt"":{""S"":""2025-12-04T20:46:53.392Z""}}","P17","user_36","1","Centrifuge - Train 1","[{""M"":{""stepId"":{""N"":""1""},""subStepsShown"":{""BOOL"":true},""timeSpentSec"":{""N"":""46""},""stepNumber"":{""N"":""1""},""exceededThreshold"":{""BOOL"":true}}},{""M"":{""stepId"":{""N"":""2""},""subStepsShown"":{""BOOL"":false},""timeSpentSec"":{""N"":""2""},""stepNumber"":{""N"":""2""},""exceededThreshold"":{""BOOL"":false}}},{""M"":{""stepId"":{""N"":""6""},""subStepsShown"":{""BOOL"":false},""timeSpentSec"":{""N"":""445""},""stepNumber"":{""N"":""3""},""exceededThreshold"":{""BOOL"":false}}},{""M"":{""stepId"":{""N"":""11""},""subStepsShown"":{""BOOL"":false},""timeSpentSec"":{""N"":""5""},""stepNumber"":{""N"":""4""},""exceededThreshold"":{""BOOL"":false}}},{""M"":{""stepId"":{""N"":""12""},""subStepsShown"":{""BOOL"":false},""timeSpentSec"":{""N"":""380""},""stepNumber"":{""N"":""5""},""exceededThreshold"":{""BOOL"":true}}},{""M"":{""stepId"":{""N"":""13""},""subStepsShown"":{""BOOL"":false},""timeSpentSec"":{""N"":""5""},""stepNumber"":{""N"":""6""},""exceededThreshold"":{""BOOL"":false}}},{""M"":{""stepId"":{""N"":""14""},""subStepsShown"":{""BOOL"":false},""timeSpentSec"":{""N"":""2""},""stepNumber"":{""N"":""7""},""exceededThreshold"":{""BOOL"":false}}},{""M"":{""stepId"":{""N"":""15""},""subStepsShown"":{""BOOL"":false},""timeSpentSec"":{""N"":""1""},""stepNumber"":{""N"":""8""},""exceededThreshold"":{""BOOL"":false}}}]","890","1"
"sess_1764629710377_mcxxuf","2025-12-01T22:55:10.377Z","{""createdAt"":{""S"":""2025-12-01T22:55:10.377Z""},""version"":{""S"":""1.0""},""completedAt"":{""S"":""2025-12-01T22:55:08.976Z""}}","P6","test_user","1","Centrifuge - Train 2","[{""M"":{""stepId"":{""N"":""1""},""subStepsShown"":{""BOOL"":false},""timeSpentSec"":{""N"":""1""},""stepNumber"":{""N"":""1""},""exceededThreshold"":{""BOOL"":false}}},{""M"":{""stepId"":{""N"":""5""},""subStepsShown"":{""BOOL"":false},""timeSpentSec"":{""N"":""0""},""stepNumber"":{""N"":""2""},""exceededThreshold"":{""BOOL"":false}}},{""M"":{""stepId"":{""N"":""6""},""subStepsShown"":{""BOOL"":false},""timeSpentSec"":{""N"":""0""},""stepNumber"":{""N"":""3""},""exceededThreshold"":{""BOOL"":false}}},{""M"":{""stepId"":{""N"":""11""},""subStepsShown"":{""BOOL"":false},""timeSpentSec"":{""N"":""1""},""stepNumber"":{""N"":""4""},""exceededThreshold"":{""BOOL"":false}}},{""M"":{""stepId"":{""N"":""12""},""subStepsShown"":{""BOOL"":false},""timeSpentSec"":{""N"":""1""},""stepNumber"":{""N"":""5""},""exceededThreshold"":{""BOOL"":false}}},{""M"":{""stepId"":{""N"":""13""},""subStepsShown"":{""BOOL"":false},""timeSpentSec"":{""N"":""1""},""stepNumber"":{""N"":""6""},""exceededThreshold"":{""BOOL"":false}}},{""M"":{""stepId"":{""N"":""14""},""subStepsShown"":{""BOOL"":false},""timeSpentSec"":{""N"":""1""},""stepNumber"":{""N"":""7""},""exceededThreshold"":{""BOOL"":false}}},{""M"":{""stepId"":{""N"":""15""},""subStepsShown"":{""BOOL"":false},""timeSpentSec"":{""N"":""1""},""stepNumber"":{""N"":""8""},""exceededThreshold"":{""BOOL"":false}}}]","9","2"
"sess_1764877021264_l8822p","2025-12-04T19:37:01.264Z","{""createdAt"":{""S"":""2025-12-04T19:37:01.264Z""},""version"":{""S"":""1.0""},""completedAt"":{""S"":""2025-12-04T19:36:59.305Z""}}","P16","user_35","2","Column Flushing - Train 1","[{""M"":{""stepId"":{""N"":""20""},""subStepsShown"":{""BOOL"":false},""timeSpentSec"":{""N"":""34""},""stepNumber"":{""N"":""1""},""exceededThreshold"":{""BOOL"":true}}},{""M"":{""stepId"":{""N"":""21""},""subStepsShown"":{""BOOL"":false},""timeSpentSec"":{""N"":""1""},""stepNumber"":{""N"":""2""},""exceededThreshold"":{""BOOL"":false}}},{""M"":{""stepId"":{""N"":""22""},""subStepsShown"":{""BOOL"":true},""timeSpentSec"":{""N"":""12""},""stepNumber"":{""N"":""3""},""exceededThreshold"":{""BOOL"":true}}},{""M"":{""stepId"":{""N"":""23""},""subStepsShown"":{""BOOL"":false},""timeSpentSec"":{""N"":""8""},""stepNumber"":{""N"":""4""},""exceededThreshold"":{""BOOL"":false}}},{""M"":{""stepId"":{""N"":""24""},""subStepsShown"":{""BOOL"":false},""timeSpentSec"":{""N"":""21""},""stepNumber"":{""N"":""5""},""exceededThreshold"":{""BOOL"":false}}},{""M"":{""stepId"":{""N"":""25""},""subStepsShown"":{""BOOL"":false},""timeSpentSec"":{""N"":""8""},""stepNumber"":{""N"":""6""},""exceededThreshold"":{""BOOL"":false}}},{""M"":{""stepId"":{""N"":""26""},""subStepsShown"":{""BOOL"":false},""timeSpentSec"":{""N"":""37""},""stepNumber"":{""N"":""7""},""exceededThreshold"":{""BOOL"":false}}},{""M"":{""stepId"":{""N"":""27""},""subStepsShown"":{""BOOL"":false},""timeSpentSec"":{""N"":""32""},""stepNumber"":{""N"":""8""},""exceededThreshold"":{""BOOL"":false}}},{""M"":{""stepId"":{""N"":""31""},""subStepsShown"":{""BOOL"":false},""timeSpentSec"":{""N"":""25""},""stepNumber"":{""N"":""9""},""exceededThreshold"":{""BOOL"":true}}},{""M"":{""stepId"":{""N"":""32""},""subStepsShown"":{""BOOL"":false},""timeSpentSec"":{""N"":""27""},""stepNumber"":{""N"":""10""},""exceededThreshold"":{""BOOL"":false}}},{""M"":{""stepId"":{""N"":""33""},""subStepsShown"":{""BOOL"":false},""timeSpentSec"":{""N"":""12""},""stepNumber"":{""N"":""11""},""exceededThreshold"":{""BOOL"":false}}},{""M"":{""stepId"":{""N"":""34""},""subStepsShown"":{""BOOL"":false},""timeSpentSec"":{""N"":""23""},""stepNumber"":{""N"":""12""},""exceededThreshold"":{""BOOL"":true}}},{""M"":{""stepId"":{""N"":""35""},""subStepsShown"":{""BOOL"":false},""timeSpentSec"":{""N"":""23""},""stepNumber"":{""N"":""13""},""exceededThreshold"":{""BOOL"":false}}},{""M"":{""stepId"":{""N"":""36""},""subStepsShown"":{""BOOL"":false},""timeSpentSec"":{""N"":""2""},""stepNumber"":{""N"":""14""},""exceededThreshold"":{""BOOL"":false}}}]","272","1"
"sess_1764879467319_itgey8","2025-12-04T20:17:47.319Z","{""createdAt"":{""S"":""2025-12-04T20:17:47.319Z""},""version"":{""S"":""1.0""},""completedAt"":{""S"":""2025-12-04T20:17:44.499Z""}}","P18","user15","2","Column Flushing - Train 2","[{""M"":{""stepId"":{""N"":""20""},""subStepsShown"":{""BOOL"":false},""timeSpentSec"":{""N"":""108""},""stepNumber"":{""N"":""1""},""exceededThreshold"":{""BOOL"":true}}},{""M"":{""stepId"":{""N"":""21""},""subStepsShown"":{""BOOL"":false},""timeSpentSec"":{""N"":""13""},""stepNumber"":{""N"":""2""},""exceededThreshold"":{""BOOL"":false}}},{""M"":{""stepId"":{""N"":""22""},""subStepsShown"":{""BOOL"":true},""timeSpentSec"":{""N"":""17""},""stepNumber"":{""N"":""3""},""exceededThreshold"":{""BOOL"":true}}},{""M"":{""stepId"":{""N"":""23""},""subStepsShown"":{""BOOL"":false},""timeSpentSec"":{""N"":""4""},""stepNumber"":{""N"":""4""},""exceededThreshold"":{""BOOL"":false}}},{""M"":{""stepId"":{""N"":""24""},""subStepsShown"":{""BOOL"":false},""timeSpentSec"":{""N"":""128""},""stepNumber"":{""N"":""5""},""exceededThreshold"":{""BOOL"":true}}},{""M"":{""stepId"":{""N"":""25""},""subStepsShown"":{""BOOL"":false},""timeSpentSec"":{""N"":""0""},""stepNumber"":{""N"":""6""},""exceededThreshold"":{""BOOL"":false}}},{""M"":{""stepId"":{""N"":""26""},""subStepsShown"":{""BOOL"":false},""timeSpentSec"":{""N"":""1""},""stepNumber"":{""N"":""7""},""exceededThreshold"":{""BOOL"":false}}},{""M"":{""stepId"":{""N"":""27""},""subStepsShown"":{""BOOL"":false},""timeSpentSec"":{""N"":""5""},""stepNumber"":{""N"":""8""},""exceededThreshold"":{""BOOL"":false}}},{""M"":{""stepId"":{""N"":""31""},""subStepsShown"":{""BOOL"":false},""timeSpentSec"":{""N"":""57""},""stepNumber"":{""N"":""9""},""exceededThreshold"":{""BOOL"":true}}},{""M"":{""stepId"":{""N"":""32""},""subStepsShown"":{""BOOL"":false},""timeSpentSec"":{""N"":""1""},""stepNumber"":{""N"":""10""},""exceededThreshold"":{""BOOL"":false}}},{""M"":{""stepId"":{""N"":""33""},""subStepsShown"":{""BOOL"":false},""timeSpentSec"":{""N"":""6""},""stepNumber"":{""N"":""11""},""exceededThreshold"":{""BOOL"":false}}},{""M"":{""stepId"":{""N"":""34""},""subStepsShown"":{""BOOL"":false},""timeSpentSec"":{""N"":""0""},""stepNumber"":{""N"":""12""},""exceededThreshold"":{""BOOL"":false}}},{""M"":{""stepId"":{""N"":""35""},""subStepsShown"":{""BOOL"":false},""timeSpentSec"":{""N"":""52""},""stepNumber"":{""N"":""13""},""exceededThreshold"":{""BOOL"":false}}},{""M"":{""stepId"":{""N"":""36""},""subStepsShown"":{""BOOL"":false},""timeSpentSec"":{""N"":""5""},""stepNumber"":{""N"":""14""},""exceededThreshold"":{""BOOL"":false}}}]","402","2"
"sess_1764694719874_ikhazb","2025-12-02T16:58:39.874Z","{""createdAt"":{""S"":""2025-12-02T16:58:39.874Z""},""version"":{""S"":""1.0""},""completedAt"":{""S"":""2025-12-02T16:58:38.150Z""}}","P6","test_user","1","Centrifuge - Train 1","[{""M"":{""stepId"":{""N"":""1""},""subStepsShown"":{""BOOL"":true},""timeSpentSec"":{""N"":""72""},""stepNumber"":{""N"":""1""},""exceededThreshold"":{""BOOL"":true}}},{""M"":{""stepId"":{""N"":""5""},""subStepsShown"":{""BOOL"":true},""timeSpentSec"":{""N"":""131""},""stepNumber"":{""N"":""2""},""exceededThreshold"":{""BOOL"":true}}},{""M"":{""stepId"":{""N"":""6""},""subStepsShown"":{""BOOL"":false},""timeSpentSec"":{""N"":""2""},""stepNumber"":{""N"":""3""},""exceededThreshold"":{""BOOL"":false}}},{""M"":{""stepId"":{""N"":""11""},""subStepsShown"":{""BOOL"":true},""timeSpentSec"":{""N"":""87""},""stepNumber"":{""N"":""4""},""exceededThreshold"":{""BOOL"":true}}},{""M"":{""stepId"":{""N"":""12""},""subStepsShown"":{""BOOL"":false},""timeSpentSec"":{""N"":""573""},""stepNumber"":{""N"":""5""},""exceededThreshold"":{""BOOL"":true}}},{""M"":{""stepId"":{""N"":""13""},""subStepsShown"":{""BOOL"":false},""timeSpentSec"":{""N"":""71""},""stepNumber"":{""N"":""6""},""exceededThreshold"":{""BOOL"":true}}},{""M"":{""stepId"":{""N"":""14""},""subStepsShown"":{""BOOL"":false},""timeSpentSec"":{""N"":""65""},""stepNumber"":{""N"":""7""},""exceededThreshold"":{""BOOL"":true}}},{""M"":{""stepId"":{""N"":""15""},""subStepsShown"":{""BOOL"":false},""timeSpentSec"":{""N"":""12""},""stepNumber"":{""N"":""8""},""exceededThreshold"":{""BOOL"":true}}}]","1016","1"
"sess_1764867417886_ovrslu","2025-12-04T16:56:57.886Z","{""createdAt"":{""S"":""2025-12-04T16:56:57.886Z""},""version"":{""S"":""1.0""},""completedAt"":{""S"":""2025-12-04T16:56:58.009Z""}}","P12","user_33","3","Pressure Testing - Train 1","[{""M"":{""stepId"":{""N"":""41""},""subStepsShown"":{""BOOL"":false},""timeSpentSec"":{""N"":""28""},""stepNumber"":{""N"":""1""},""exceededThreshold"":{""BOOL"":false}}},{""M"":{""stepId"":{""N"":""42""},""subStepsShown"":{""BOOL"":false},""timeSpentSec"":{""N"":""15""},""stepNumber"":{""N"":""2""},""exceededThreshold"":{""BOOL"":false}}},{""M"":{""stepId"":{""N"":""43""},""subStepsShown"":{""BOOL"":false},""timeSpentSec"":{""N"":""13""},""stepNumber"":{""N"":""3""},""exceededThreshold"":{""BOOL"":false}}},{""M"":{""stepId"":{""N"":""44""},""subStepsShown"":{""BOOL"":false},""timeSpentSec"":{""N"":""26""},""stepNumber"":{""N"":""4""},""exceededThreshold"":{""BOOL"":false}}},{""M"":{""stepId"":{""N"":""45""},""subStepsShown"":{""BOOL"":false},""timeSpentSec"":{""N"":""19""},""stepNumber"":{""N"":""5""},""exceededThreshold"":{""BOOL"":false}}},{""M"":{""stepId"":{""N"":""50""},""subStepsShown"":{""BOOL"":false},""timeSpentSec"":{""N"":""129""},""stepNumber"":{""N"":""6""},""exceededThreshold"":{""BOOL"":false}}},{""M"":{""stepId"":{""N"":""51""},""subStepsShown"":{""BOOL"":false},""timeSpentSec"":{""N"":""67""},""stepNumber"":{""N"":""7""},""exceededThreshold"":{""BOOL"":true}}},{""M"":{""stepId"":{""N"":""52""},""subStepsShown"":{""BOOL"":true},""timeSpentSec"":{""N"":""88""},""stepNumber"":{""N"":""8""},""exceededThreshold"":{""BOOL"":true}}},{""M"":{""stepId"":{""N"":""53""},""subStepsShown"":{""BOOL"":false},""timeSpentSec"":{""N"":""27""},""stepNumber"":{""N"":""9""},""exceededThreshold"":{""BOOL"":false}}},{""M"":{""stepId"":{""N"":""54""},""subStepsShown"":{""BOOL"":false},""timeSpentSec"":{""N"":""11""},""stepNumber"":{""N"":""10""},""exceededThreshold"":{""BOOL"":false}}},{""M"":{""stepId"":{""N"":""55""},""subStepsShown"":{""BOOL"":true},""timeSpentSec"":{""N"":""36""},""stepNumber"":{""N"":""11""},""exceededThreshold"":{""BOOL"":true}}},{""M"":{""stepId"":{""N"":""56""},""subStepsShown"":{""BOOL"":false},""timeSpentSec"":{""N"":""19""},""stepNumber"":{""N"":""12""},""exceededThreshold"":{""BOOL"":false}}},{""M"":{""stepId"":{""N"":""57""},""subStepsShown"":{""BOOL"":false},""timeSpentSec"":{""N"":""1""},""stepNumber"":{""N"":""13""},""exceededThreshold"":{""BOOL"":false}}},{""M"":{""stepId"":{""N"":""58""},""subStepsShown"":{""BOOL"":false},""timeSpentSec"":{""N"":""5""},""stepNumber"":{""N"":""14""},""exceededThreshold"":{""BOOL"":false}}}]","491","1"
"sess_1764628006237_dq9sdj","2025-12-01T22:26:46.237Z","{""createdAt"":{""S"":""2025-12-01T22:26:46.237Z""},""version"":{""S"":""1.0""},""completedAt"":{""S"":""2025-12-01T22:26:44.864Z""}}","P3","tharundtr","1","","[{""M"":{""stepId"":{""N"":""1""},""subStepsShown"":{""BOOL"":false},""timeSpentSec"":{""N"":""4""},""stepNumber"":{""N"":""1""},""exceededThreshold"":{""BOOL"":false}}},{""M"":{""stepId"":{""N"":""5""},""subStepsShown"":{""BOOL"":false},""timeSpentSec"":{""N"":""4""},""stepNumber"":{""N"":""2""},""exceededThreshold"":{""BOOL"":false}}},{""M"":{""stepId"":{""N"":""6""},""subStepsShown"":{""BOOL"":false},""timeSpentSec"":{""N"":""1""},""stepNumber"":{""N"":""3""},""exceededThreshold"":{""BOOL"":false}}},{""M"":{""stepId"":{""N"":""11""},""subStepsShown"":{""BOOL"":false},""timeSpentSec"":{""N"":""1""},""stepNumber"":{""N"":""4""},""exceededThreshold"":{""BOOL"":false}}},{""M"":{""stepId"":{""N"":""12""},""subStepsShown"":{""BOOL"":false},""timeSpentSec"":{""N"":""0""},""stepNumber"":{""N"":""5""},""exceededThreshold"":{""BOOL"":false}}},{""M"":{""stepId"":{""N"":""13""},""subStepsShown"":{""BOOL"":false},""timeSpentSec"":{""N"":""1""},""stepNumber"":{""N"":""6""},""exceededThreshold"":{""BOOL"":false}}},{""M"":{""stepId"":{""N"":""14""},""subStepsShown"":{""BOOL"":false},""timeSpentSec"":{""N"":""1""},""stepNumber"":{""N"":""7""},""exceededThreshold"":{""BOOL"":false}}},{""M"":{""stepId"":{""N"":""15""},""subStepsShown"":{""BOOL"":false},""timeSpentSec"":{""N"":""1""},""stepNumber"":{""N"":""8""},""exceededThreshold"":{""BOOL"":false}}}]","17",""
"sess_1764880218897_kymvek","2025-12-04T20:30:18.897Z","{""createdAt"":{""S"":""2025-12-04T20:30:18.897Z""},""version"":{""S"":""1.0""},""completedAt"":{""S"":""2025-12-04T20:30:17.337Z""}}","P16","user_35","1","Centrifuge - Train 1","[{""M"":{""stepId"":{""N"":""1""},""subStepsShown"":{""BOOL"":true},""timeSpentSec"":{""N"":""84""},""stepNumber"":{""N"":""1""},""exceededThreshold"":{""BOOL"":true}}},{""M"":{""stepId"":{""N"":""2""},""subStepsShown"":{""BOOL"":false},""timeSpentSec"":{""N"":""6""},""stepNumber"":{""N"":""2""},""exceededThreshold"":{""BOOL"":false}}},{""M"":{""stepId"":{""N"":""6""},""subStepsShown"":{""BOOL"":false},""timeSpentSec"":{""N"":""451""},""stepNumber"":{""N"":""3""},""exceededThreshold"":{""BOOL"":false}}},{""M"":{""stepId"":{""N"":""11""},""subStepsShown"":{""BOOL"":false},""timeSpentSec"":{""N"":""15""},""stepNumber"":{""N"":""4""},""exceededThreshold"":{""BOOL"":false}}},{""M"":{""stepId"":{""N"":""12""},""subStepsShown"":{""BOOL"":false},""timeSpentSec"":{""N"":""368""},""stepNumber"":{""N"":""5""},""exceededThreshold"":{""BOOL"":true}}},{""M"":{""stepId"":{""N"":""13""},""subStepsShown"":{""BOOL"":false},""timeSpentSec"":{""N"":""27""},""stepNumber"":{""N"":""6""},""exceededThreshold"":{""BOOL"":false}}},{""M"":{""stepId"":{""N"":""14""},""subStepsShown"":{""BOOL"":false},""timeSpentSec"":{""N"":""3""},""stepNumber"":{""N"":""7""},""exceededThreshold"":{""BOOL"":false}}},{""M"":{""stepId"":{""N"":""15""},""subStepsShown"":{""BOOL"":false},""timeSpentSec"":{""N"":""2""},""stepNumber"":{""N"":""8""},""exceededThreshold"":{""BOOL"":false}}}]","958","1"
"sess_1764861652501_fzxlz6","2025-12-04T15:20:52.501Z","{""createdAt"":{""S"":""2025-12-04T15:20:52.501Z""},""version"":{""S"":""1.0""},""completedAt"":{""S"":""2025-12-04T15:20:49.913Z""}}","P9","user11","3","Pressure Testing - Train 2","[{""M"":{""stepId"":{""N"":""41""},""subStepsShown"":{""BOOL"":false},""timeSpentSec"":{""N"":""116""},""stepNumber"":{""N"":""1""},""exceededThreshold"":{""BOOL"":true}}},{""M"":{""stepId"":{""N"":""42""},""subStepsShown"":{""BOOL"":false},""timeSpentSec"":{""N"":""52""},""stepNumber"":{""N"":""2""},""exceededThreshold"":{""BOOL"":false}}},{""M"":{""stepId"":{""N"":""43""},""subStepsShown"":{""BOOL"":true},""timeSpentSec"":{""N"":""144""},""stepNumber"":{""N"":""3""},""exceededThreshold"":{""BOOL"":true}}},{""M"":{""stepId"":{""N"":""44""},""subStepsShown"":{""BOOL"":false},""timeSpentSec"":{""N"":""115""},""stepNumber"":{""N"":""4""},""exceededThreshold"":{""BOOL"":false}}},{""M"":{""stepId"":{""N"":""45""},""subStepsShown"":{""BOOL"":false},""timeSpentSec"":{""N"":""1""},""stepNumber"":{""N"":""5""},""exceededThreshold"":{""BOOL"":false}}},{""M"":{""stepId"":{""N"":""50""},""subStepsShown"":{""BOOL"":false},""timeSpentSec"":{""N"":""107""},""stepNumber"":{""N"":""6""},""exceededThreshold"":{""BOOL"":false}}},{""M"":{""stepId"":{""N"":""51""},""subStepsShown"":{""BOOL"":false},""timeSpentSec"":{""N"":""13""},""stepNumber"":{""N"":""7""},""exceededThreshold"":{""BOOL"":false}}},{""M"":{""stepId"":{""N"":""52""},""subStepsShown"":{""BOOL"":true},""timeSpentSec"":{""N"":""136""},""stepNumber"":{""N"":""8""},""exceededThreshold"":{""BOOL"":true}}},{""M"":{""stepId"":{""N"":""53""},""subStepsShown"":{""BOOL"":false},""timeSpentSec"":{""N"":""44""},""stepNumber"":{""N"":""9""},""exceededThreshold"":{""BOOL"":false}}},{""M"":{""stepId"":{""N"":""54""},""subStepsShown"":{""BOOL"":false},""timeSpentSec"":{""N"":""19""},""stepNumber"":{""N"":""10""},""exceededThreshold"":{""BOOL"":false}}},{""M"":{""stepId"":{""N"":""55""},""subStepsShown"":{""BOOL"":true},""timeSpentSec"":{""N"":""27""},""stepNumber"":{""N"":""11""},""exceededThreshold"":{""BOOL"":true}}},{""M"":{""stepId"":{""N"":""56""},""subStepsShown"":{""BOOL"":false},""timeSpentSec"":{""N"":""18""},""stepNumber"":{""N"":""12""},""exceededThreshold"":{""BOOL"":false}}},{""M"":{""stepId"":{""N"":""57""},""subStepsShown"":{""BOOL"":false},""timeSpentSec"":{""N"":""20""},""stepNumber"":{""N"":""13""},""exceededThreshold"":{""BOOL"":false}}},{""M"":{""stepId"":{""N"":""58""},""subStepsShown"":{""BOOL"":false},""timeSpentSec"":{""N"":""9""},""stepNumber"":{""N"":""14""},""exceededThreshold"":{""BOOL"":false}}}]","828","2"
"sess_1764863113978_ooz1xs","2025-12-04T15:45:13.978Z","{""createdAt"":{""S"":""2025-12-04T15:45:13.978Z""},""version"":{""S"":""1.0""},""completedAt"":{""S"":""2025-12-04T15:45:13.950Z""}}","P8","user_31","2","Column Flushing - Train 1","[{""M"":{""stepId"":{""N"":""20""},""subStepsShown"":{""BOOL"":false},""timeSpentSec"":{""N"":""54""},""stepNumber"":{""N"":""1""},""exceededThreshold"":{""BOOL"":true}}},{""M"":{""stepId"":{""N"":""21""},""subStepsShown"":{""BOOL"":false},""timeSpentSec"":{""N"":""2""},""stepNumber"":{""N"":""2""},""exceededThreshold"":{""BOOL"":false}}},{""M"":{""stepId"":{""N"":""22""},""subStepsShown"":{""BOOL"":false},""timeSpentSec"":{""N"":""7""},""stepNumber"":{""N"":""3""},""exceededThreshold"":{""BOOL"":false}}},{""M"":{""stepId"":{""N"":""23""},""subStepsShown"":{""BOOL"":false},""timeSpentSec"":{""N"":""3""},""stepNumber"":{""N"":""4""},""exceededThreshold"":{""BOOL"":false}}},{""M"":{""stepId"":{""N"":""24""},""subStepsShown"":{""BOOL"":false},""timeSpentSec"":{""N"":""25""},""stepNumber"":{""N"":""5""},""exceededThreshold"":{""BOOL"":false}}},{""M"":{""stepId"":{""N"":""25""},""subStepsShown"":{""BOOL"":false},""timeSpentSec"":{""N"":""18""},""stepNumber"":{""N"":""6""},""exceededThreshold"":{""BOOL"":false}}},{""M"":{""stepId"":{""N"":""26""},""subStepsShown"":{""BOOL"":false},""timeSpentSec"":{""N"":""59""},""stepNumber"":{""N"":""7""},""exceededThreshold"":{""BOOL"":false}}},{""M"":{""stepId"":{""N"":""27""},""subStepsShown"":{""BOOL"":false},""timeSpentSec"":{""N"":""37""},""stepNumber"":{""N"":""8""},""exceededThreshold"":{""BOOL"":false}}},{""M"":{""stepId"":{""N"":""31""},""subStepsShown"":{""BOOL"":false},""timeSpentSec"":{""N"":""52""},""stepNumber"":{""N"":""9""},""exceededThreshold"":{""BOOL"":true}}},{""M"":{""stepId"":{""N"":""32""},""subStepsShown"":{""BOOL"":false},""timeSpentSec"":{""N"":""31""},""stepNumber"":{""N"":""10""},""exceededThreshold"":{""BOOL"":false}}},{""M"":{""stepId"":{""N"":""33""},""subStepsShown"":{""BOOL"":false},""timeSpentSec"":{""N"":""32""},""stepNumber"":{""N"":""11""},""exceededThreshold"":{""BOOL"":false}}},{""M"":{""stepId"":{""N"":""34""},""subStepsShown"":{""BOOL"":false},""timeSpentSec"":{""N"":""3""},""stepNumber"":{""N"":""12""},""exceededThreshold"":{""BOOL"":false}}},{""M"":{""stepId"":{""N"":""35""},""subStepsShown"":{""BOOL"":false},""timeSpentSec"":{""N"":""86""},""stepNumber"":{""N"":""13""},""exceededThreshold"":{""BOOL"":true}}},{""M"":{""stepId"":{""N"":""36""},""subStepsShown"":{""BOOL"":false},""timeSpentSec"":{""N"":""4""},""stepNumber"":{""N"":""14""},""exceededThreshold"":{""BOOL"":false}}}]","422","1"
"sess_1764876093374_cgg6ok","2025-12-04T19:21:33.374Z","{""createdAt"":{""S"":""2025-12-04T19:21:33.374Z""},""version"":{""S"":""1.0""},""completedAt"":{""S"":""2025-12-04T19:21:31.723Z""}}","P13","user_34","1","Centrifuge - Train 1","[{""M"":{""stepId"":{""N"":""1""},""subStepsShown"":{""BOOL"":true},""timeSpentSec"":{""N"":""71""},""stepNumber"":{""N"":""1""},""exceededThreshold"":{""BOOL"":true}}},{""M"":{""stepId"":{""N"":""2""},""subStepsShown"":{""BOOL"":false},""timeSpentSec"":{""N"":""3""},""stepNumber"":{""N"":""2""},""exceededThreshold"":{""BOOL"":false}}},{""M"":{""stepId"":{""N"":""6""},""subStepsShown"":{""BOOL"":true},""timeSpentSec"":{""N"":""1671""},""stepNumber"":{""N"":""3""},""exceededThreshold"":{""BOOL"":true}}},{""M"":{""stepId"":{""N"":""11""},""subStepsShown"":{""BOOL"":false},""timeSpentSec"":{""N"":""22""},""stepNumber"":{""N"":""4""},""exceededThreshold"":{""BOOL"":false}}},{""M"":{""stepId"":{""N"":""12""},""subStepsShown"":{""BOOL"":false},""timeSpentSec"":{""N"":""343""},""stepNumber"":{""N"":""5""},""exceededThreshold"":{""BOOL"":true}}},{""M"":{""stepId"":{""N"":""13""},""subStepsShown"":{""BOOL"":false},""timeSpentSec"":{""N"":""30""},""stepNumber"":{""N"":""6""},""exceededThreshold"":{""BOOL"":false}}},{""M"":{""stepId"":{""N"":""14""},""subStepsShown"":{""BOOL"":false},""timeSpentSec"":{""N"":""2""},""stepNumber"":{""N"":""7""},""exceededThreshold"":{""BOOL"":false}}},{""M"":{""stepId"":{""N"":""15""},""subStepsShown"":{""BOOL"":false},""timeSpentSec"":{""N"":""3""},""stepNumber"":{""N"":""8""},""exceededThreshold"":{""BOOL"":false}}}]","2149","1"
"sess_1764866498700_jrym4j","2025-12-04T16:41:38.701Z","{""createdAt"":{""S"":""2025-12-04T16:41:38.701Z""},""version"":{""S"":""1.0""},""completedAt"":{""S"":""2025-12-04T16:41:36.399Z""}}","P10","user12","1","Centrifuge - Train 2","[{""M"":{""stepId"":{""N"":""1""},""subStepsShown"":{""BOOL"":true},""timeSpentSec"":{""N"":""181""},""stepNumber"":{""N"":""1""},""exceededThreshold"":{""BOOL"":true}}},{""M"":{""stepId"":{""N"":""2""},""subStepsShown"":{""BOOL"":false},""timeSpentSec"":{""N"":""9""},""stepNumber"":{""N"":""2""},""exceededThreshold"":{""BOOL"":false}}},{""M"":{""stepId"":{""N"":""6""},""subStepsShown"":{""BOOL"":false},""timeSpentSec"":{""N"":""206""},""stepNumber"":{""N"":""3""},""exceededThreshold"":{""BOOL"":false}}},{""M"":{""stepId"":{""N"":""11""},""subStepsShown"":{""BOOL"":true},""timeSpentSec"":{""N"":""220""},""stepNumber"":{""N"":""4""},""exceededThreshold"":{""BOOL"":true}}},{""M"":{""stepId"":{""N"":""12""},""subStepsShown"":{""BOOL"":false},""timeSpentSec"":{""N"":""389""},""stepNumber"":{""N"":""5""},""exceededThreshold"":{""BOOL"":true}}},{""M"":{""stepId"":{""N"":""13""},""subStepsShown"":{""BOOL"":false},""timeSpentSec"":{""N"":""3""},""stepNumber"":{""N"":""6""},""exceededThreshold"":{""BOOL"":false}}},{""M"":{""stepId"":{""N"":""14""},""subStepsShown"":{""BOOL"":false},""timeSpentSec"":{""N"":""5""},""stepNumber"":{""N"":""7""},""exceededThreshold"":{""BOOL"":false}}},{""M"":{""stepId"":{""N"":""15""},""subStepsShown"":{""BOOL"":false},""timeSpentSec"":{""N"":""2""},""stepNumber"":{""N"":""8""},""exceededThreshold"":{""BOOL"":false}}}]","1017","2"
"sess_1764628952716_4j92j7","2025-12-01T22:42:32.717Z","{""createdAt"":{""S"":""2025-12-01T22:42:32.717Z""},""version"":{""S"":""1.0""},""completedAt"":{""S"":""2025-12-01T22:42:32.274Z""}}","P6","test_user","1","","[{""M"":{""stepId"":{""N"":""1""},""subStepsShown"":{""BOOL"":false},""timeSpentSec"":{""N"":""1""},""stepNumber"":{""N"":""1""},""exceededThreshold"":{""BOOL"":false}}},{""M"":{""stepId"":{""N"":""5""},""subStepsShown"":{""BOOL"":false},""timeSpentSec"":{""N"":""1""},""stepNumber"":{""N"":""2""},""exceededThreshold"":{""BOOL"":false}}},{""M"":{""stepId"":{""N"":""6""},""subStepsShown"":{""BOOL"":false},""timeSpentSec"":{""N"":""2""},""stepNumber"":{""N"":""3""},""exceededThreshold"":{""BOOL"":false}}},{""M"":{""stepId"":{""N"":""11""},""subStepsShown"":{""BOOL"":false},""timeSpentSec"":{""N"":""0""},""stepNumber"":{""N"":""4""},""exceededThreshold"":{""BOOL"":false}}},{""M"":{""stepId"":{""N"":""12""},""subStepsShown"":{""BOOL"":false},""timeSpentSec"":{""N"":""1""},""stepNumber"":{""N"":""5""},""exceededThreshold"":{""BOOL"":false}}},{""M"":{""stepId"":{""N"":""13""},""subStepsShown"":{""BOOL"":false},""timeSpentSec"":{""N"":""1""},""stepNumber"":{""N"":""6""},""exceededThreshold"":{""BOOL"":false}}},{""M"":{""stepId"":{""N"":""14""},""subStepsShown"":{""BOOL"":false},""timeSpentSec"":{""N"":""0""},""stepNumber"":{""N"":""7""},""exceededThreshold"":{""BOOL"":false}}},{""M"":{""stepId"":{""N"":""15""},""subStepsShown"":{""BOOL"":false},""timeSpentSec"":{""N"":""1""},""stepNumber"":{""N"":""8""},""exceededThreshold"":{""BOOL"":false}}}]","11",""
"sess_1764864788179_963ced","2025-12-04T16:13:08.179Z","{""createdAt"":{""S"":""2025-12-04T16:13:08.179Z""},""version"":{""S"":""1.0""},""completedAt"":{""S"":""2025-12-04T16:13:08.391Z""}}","P11","user_32","3","Pressure Testing - Train 1","[{""M"":{""stepId"":{""N"":""41""},""subStepsShown"":{""BOOL"":false},""timeSpentSec"":{""N"":""22""},""stepNumber"":{""N"":""1""},""exceededThreshold"":{""BOOL"":false}}},{""M"":{""stepId"":{""N"":""42""},""subStepsShown"":{""BOOL"":false},""timeSpentSec"":{""N"":""14""},""stepNumber"":{""N"":""2""},""exceededThreshold"":{""BOOL"":false}}},{""M"":{""stepId"":{""N"":""43""},""subStepsShown"":{""BOOL"":false},""timeSpentSec"":{""N"":""8""},""stepNumber"":{""N"":""3""},""exceededThreshold"":{""BOOL"":false}}},{""M"":{""stepId"":{""N"":""44""},""subStepsShown"":{""BOOL"":false},""timeSpentSec"":{""N"":""7""},""stepNumber"":{""N"":""4""},""exceededThreshold"":{""BOOL"":false}}},{""M"":{""stepId"":{""N"":""45""},""subStepsShown"":{""BOOL"":false},""timeSpentSec"":{""N"":""25""},""stepNumber"":{""N"":""5""},""exceededThreshold"":{""BOOL"":false}}},{""M"":{""stepId"":{""N"":""50""},""subStepsShown"":{""BOOL"":false},""timeSpentSec"":{""N"":""102""},""stepNumber"":{""N"":""6""},""exceededThreshold"":{""BOOL"":false}}},{""M"":{""stepId"":{""N"":""51""},""subStepsShown"":{""BOOL"":false},""timeSpentSec"":{""N"":""92""},""stepNumber"":{""N"":""7""},""exceededThreshold"":{""BOOL"":true}}},{""M"":{""stepId"":{""N"":""52""},""subStepsShown"":{""BOOL"":false},""timeSpentSec"":{""N"":""1""},""stepNumber"":{""N"":""8""},""exceededThreshold"":{""BOOL"":false}}},{""M"":{""stepId"":{""N"":""53""},""subStepsShown"":{""BOOL"":false},""timeSpentSec"":{""N"":""23""},""stepNumber"":{""N"":""9""},""exceededThreshold"":{""BOOL"":false}}},{""M"":{""stepId"":{""N"":""54""},""subStepsShown"":{""BOOL"":false},""timeSpentSec"":{""N"":""7""},""stepNumber"":{""N"":""10""},""exceededThreshold"":{""BOOL"":false}}},{""M"":{""stepId"":{""N"":""55""},""subStepsShown"":{""BOOL"":true},""timeSpentSec"":{""N"":""25""},""stepNumber"":{""N"":""11""},""exceededThreshold"":{""BOOL"":true}}},{""M"":{""stepId"":{""N"":""56""},""subStepsShown"":{""BOOL"":false},""timeSpentSec"":{""N"":""2""},""stepNumber"":{""N"":""12""},""exceededThreshold"":{""BOOL"":false}}},{""M"":{""stepId"":{""N"":""57""},""subStepsShown"":{""BOOL"":false},""timeSpentSec"":{""N"":""6""},""stepNumber"":{""N"":""13""},""exceededThreshold"":{""BOOL"":false}}},{""M"":{""stepId"":{""N"":""58""},""subStepsShown"":{""BOOL"":false},""timeSpentSec"":{""N"":""2""},""stepNumber"":{""N"":""14""},""exceededThreshold"":{""BOOL"":false}}}]","343","1"
"sess_1764873847697_dwnp2p","2025-12-04T18:44:07.697Z","{""createdAt"":{""S"":""2025-12-04T18:44:07.697Z""},""version"":{""S"":""1.0""},""completedAt"":{""S"":""2025-12-04T18:44:06.334Z""}}","P15","user14","3","Pressure Testing - Train 2","[{""M"":{""stepId"":{""N"":""41""},""subStepsShown"":{""BOOL"":false},""timeSpentSec"":{""N"":""15""},""stepNumber"":{""N"":""1""},""exceededThreshold"":{""BOOL"":false}}},{""M"":{""stepId"":{""N"":""42""},""subStepsShown"":{""BOOL"":false},""timeSpentSec"":{""N"":""16""},""stepNumber"":{""N"":""2""},""exceededThreshold"":{""BOOL"":false}}},{""M"":{""stepId"":{""N"":""43""},""subStepsShown"":{""BOOL"":false},""timeSpentSec"":{""N"":""16""},""stepNumber"":{""N"":""3""},""exceededThreshold"":{""BOOL"":false}}},{""M"":{""stepId"":{""N"":""44""},""subStepsShown"":{""BOOL"":false},""timeSpentSec"":{""N"":""22""},""stepNumber"":{""N"":""4""},""exceededThreshold"":{""BOOL"":false}}},{""M"":{""stepId"":{""N"":""45""},""subStepsShown"":{""BOOL"":false},""timeSpentSec"":{""N"":""14""},""stepNumber"":{""N"":""5""},""exceededThreshold"":{""BOOL"":false}}},{""M"":{""stepId"":{""N"":""50""},""subStepsShown"":{""BOOL"":false},""timeSpentSec"":{""N"":""85""},""stepNumber"":{""N"":""6""},""exceededThreshold"":{""BOOL"":false}}},{""M"":{""stepId"":{""N"":""51""},""subStepsShown"":{""BOOL"":false},""timeSpentSec"":{""N"":""53""},""stepNumber"":{""N"":""7""},""exceededThreshold"":{""BOOL"":false}}},{""M"":{""stepId"":{""N"":""52""},""subStepsShown"":{""BOOL"":false},""timeSpentSec"":{""N"":""1""},""stepNumber"":{""N"":""8""},""exceededThreshold"":{""BOOL"":false}}},{""M"":{""stepId"":{""N"":""53""},""subStepsShown"":{""BOOL"":false},""timeSpentSec"":{""N"":""13""},""stepNumber"":{""N"":""9""},""exceededThreshold"":{""BOOL"":false}}},{""M"":{""stepId"":{""N"":""54""},""subStepsShown"":{""BOOL"":false},""timeSpentSec"":{""N"":""14""},""stepNumber"":{""N"":""10""},""exceededThreshold"":{""BOOL"":false}}},{""M"":{""stepId"":{""N"":""55""},""subStepsShown"":{""BOOL"":false},""timeSpentSec"":{""N"":""23""},""stepNumber"":{""N"":""11""},""exceededThreshold"":{""BOOL"":false}}},{""M"":{""stepId"":{""N"":""56""},""subStepsShown"":{""BOOL"":false},""timeSpentSec"":{""N"":""23""},""stepNumber"":{""N"":""12""},""exceededThreshold"":{""BOOL"":false}}},{""M"":{""stepId"":{""N"":""57""},""subStepsShown"":{""BOOL"":false},""timeSpentSec"":{""N"":""2""},""stepNumber"":{""N"":""13""},""exceededThreshold"":{""BOOL"":false}}},{""M"":{""stepId"":{""N"":""58""},""subStepsShown"":{""BOOL"":false},""timeSpentSec"":{""N"":""35""},""stepNumber"":{""N"":""14""},""exceededThreshold"":{""BOOL"":true}}}]","336","2"
"sess_1764873433227_tvwzmq","2025-12-04T18:37:13.228Z","{""createdAt"":{""S"":""2025-12-04T18:37:13.228Z""},""version"":{""S"":""1.0""},""completedAt"":{""S"":""2025-12-04T18:37:10.616Z""}}","P14","user13","3","Pressure Testing - Train 2","[{""M"":{""stepId"":{""N"":""41""},""subStepsShown"":{""BOOL"":false},""timeSpentSec"":{""N"":""34""},""stepNumber"":{""N"":""1""},""exceededThreshold"":{""BOOL"":false}}},{""M"":{""stepId"":{""N"":""42""},""subStepsShown"":{""BOOL"":false},""timeSpentSec"":{""N"":""7""},""stepNumber"":{""N"":""2""},""exceededThreshold"":{""BOOL"":false}}},{""M"":{""stepId"":{""N"":""43""},""subStepsShown"":{""BOOL"":false},""timeSpentSec"":{""N"":""15""},""stepNumber"":{""N"":""3""},""exceededThreshold"":{""BOOL"":false}}},{""M"":{""stepId"":{""N"":""44""},""subStepsShown"":{""BOOL"":false},""timeSpentSec"":{""N"":""45""},""stepNumber"":{""N"":""4""},""exceededThreshold"":{""BOOL"":false}}},{""M"":{""stepId"":{""N"":""45""},""subStepsShown"":{""BOOL"":false},""timeSpentSec"":{""N"":""57""},""stepNumber"":{""N"":""5""},""exceededThreshold"":{""BOOL"":false}}},{""M"":{""stepId"":{""N"":""50""},""subStepsShown"":{""BOOL"":false},""timeSpentSec"":{""N"":""100""},""stepNumber"":{""N"":""6""},""exceededThreshold"":{""BOOL"":false}}},{""M"":{""stepId"":{""N"":""51""},""subStepsShown"":{""BOOL"":false},""timeSpentSec"":{""N"":""41""},""stepNumber"":{""N"":""7""},""exceededThreshold"":{""BOOL"":false}}},{""M"":{""stepId"":{""N"":""52""},""subStepsShown"":{""BOOL"":false},""timeSpentSec"":{""N"":""31""},""stepNumber"":{""N"":""8""},""exceededThreshold"":{""BOOL"":false}}},{""M"":{""stepId"":{""N"":""53""},""subStepsShown"":{""BOOL"":false},""timeSpentSec"":{""N"":""16""},""stepNumber"":{""N"":""9""},""exceededThreshold"":{""BOOL"":false}}},{""M"":{""stepId"":{""N"":""54""},""subStepsShown"":{""BOOL"":false},""timeSpentSec"":{""N"":""1""},""stepNumber"":{""N"":""10""},""exceededThreshold"":{""BOOL"":false}}},{""M"":{""stepId"":{""N"":""55""},""subStepsShown"":{""BOOL"":true},""timeSpentSec"":{""N"":""29""},""stepNumber"":{""N"":""11""},""exceededThreshold"":{""BOOL"":true}}},{""M"":{""stepId"":{""N"":""56""},""subStepsShown"":{""BOOL"":false},""timeSpentSec"":{""N"":""22""},""stepNumber"":{""N"":""12""},""exceededThreshold"":{""BOOL"":false}}},{""M"":{""stepId"":{""N"":""57""},""subStepsShown"":{""BOOL"":false},""timeSpentSec"":{""N"":""13""},""stepNumber"":{""N"":""13""},""exceededThreshold"":{""BOOL"":false}}},{""M"":{""stepId"":{""N"":""58""},""subStepsShown"":{""BOOL"":false},""timeSpentSec"":{""N"":""3""},""stepNumber"":{""N"":""14""},""exceededThreshold"":{""BOOL"":false}}}]","420","2"
"sess_1764872801388_fahhv6","2025-12-04T18:26:41.427Z","{""createdAt"":{""S"":""2025-12-04T18:26:41.427Z""},""version"":{""S"":""1.0""},""completedAt"":{""S"":""2025-12-04T18:26:39.888Z""}}","P15","user14","2","Column Flushing - Train 2","[{""M"":{""stepId"":{""N"":""20""},""subStepsShown"":{""BOOL"":false},""timeSpentSec"":{""N"":""30""},""stepNumber"":{""N"":""1""},""exceededThreshold"":{""BOOL"":true}}},{""M"":{""stepId"":{""N"":""21""},""subStepsShown"":{""BOOL"":false},""timeSpentSec"":{""N"":""6""},""stepNumber"":{""N"":""2""},""exceededThreshold"":{""BOOL"":false}}},{""M"":{""stepId"":{""N"":""22""},""subStepsShown"":{""BOOL"":true},""timeSpentSec"":{""N"":""24""},""stepNumber"":{""N"":""3""},""exceededThreshold"":{""BOOL"":true}}},{""M"":{""stepId"":{""N"":""23""},""subStepsShown"":{""BOOL"":false},""timeSpentSec"":{""N"":""8""},""stepNumber"":{""N"":""4""},""exceededThreshold"":{""BOOL"":false}}},{""M"":{""stepId"":{""N"":""24""},""subStepsShown"":{""BOOL"":false},""timeSpentSec"":{""N"":""13""},""stepNumber"":{""N"":""5""},""exceededThreshold"":{""BOOL"":false}}},{""M"":{""stepId"":{""N"":""25""},""subStepsShown"":{""BOOL"":false},""timeSpentSec"":{""N"":""34""},""stepNumber"":{""N"":""6""},""exceededThreshold"":{""BOOL"":false}}},{""M"":{""stepId"":{""N"":""26""},""subStepsShown"":{""BOOL"":false},""timeSpentSec"":{""N"":""31""},""stepNumber"":{""N"":""7""},""exceededThreshold"":{""BOOL"":false}}},{""M"":{""stepId"":{""N"":""27""},""subStepsShown"":{""BOOL"":false},""timeSpentSec"":{""N"":""18""},""stepNumber"":{""N"":""8""},""exceededThreshold"":{""BOOL"":false}}},{""M"":{""stepId"":{""N"":""31""},""subStepsShown"":{""BOOL"":false},""timeSpentSec"":{""N"":""29""},""stepNumber"":{""N"":""9""},""exceededThreshold"":{""BOOL"":true}}},{""M"":{""stepId"":{""N"":""32""},""subStepsShown"":{""BOOL"":false},""timeSpentSec"":{""N"":""12""},""stepNumber"":{""N"":""10""},""exceededThreshold"":{""BOOL"":false}}},{""M"":{""stepId"":{""N"":""33""},""subStepsShown"":{""BOOL"":true},""timeSpentSec"":{""N"":""35""},""stepNumber"":{""N"":""11""},""exceededThreshold"":{""BOOL"":true}}},{""M"":{""stepId"":{""N"":""34""},""subStepsShown"":{""BOOL"":false},""timeSpentSec"":{""N"":""13""},""stepNumber"":{""N"":""12""},""exceededThreshold"":{""BOOL"":false}}},{""M"":{""stepId"":{""N"":""35""},""subStepsShown"":{""BOOL"":false},""timeSpentSec"":{""N"":""31""},""stepNumber"":{""N"":""13""},""exceededThreshold"":{""BOOL"":false}}},{""M"":{""stepId"":{""N"":""36""},""subStepsShown"":{""BOOL"":false},""timeSpentSec"":{""N"":""33""},""stepNumber"":{""N"":""14""},""exceededThreshold"":{""BOOL"":false}}}]","325","2"
"sess_1764877390836_kqyf3k","2025-12-04T19:43:10.836Z","{""createdAt"":{""S"":""2025-12-04T19:43:10.836Z""},""version"":{""S"":""1.0""},""completedAt"":{""S"":""2025-12-04T19:43:09.393Z""}}","P14","user13","1","Centrifuge - Train 2","[{""M"":{""stepId"":{""N"":""1""},""subStepsShown"":{""BOOL"":false},""timeSpentSec"":{""N"":""20""},""stepNumber"":{""N"":""1""},""exceededThreshold"":{""BOOL"":false}}},{""M"":{""stepId"":{""N"":""2""},""subStepsShown"":{""BOOL"":true},""timeSpentSec"":{""N"":""109""},""stepNumber"":{""N"":""2""},""exceededThreshold"":{""BOOL"":true}}},{""M"":{""stepId"":{""N"":""6""},""subStepsShown"":{""BOOL"":false},""timeSpentSec"":{""N"":""86""},""stepNumber"":{""N"":""3""},""exceededThreshold"":{""BOOL"":false}}},{""M"":{""stepId"":{""N"":""11""},""subStepsShown"":{""BOOL"":true},""timeSpentSec"":{""N"":""244""},""stepNumber"":{""N"":""4""},""exceededThreshold"":{""BOOL"":true}}},{""M"":{""stepId"":{""N"":""12""},""subStepsShown"":{""BOOL"":false},""timeSpentSec"":{""N"":""6""},""stepNumber"":{""N"":""5""},""exceededThreshold"":{""BOOL"":false}}},{""M"":{""stepId"":{""N"":""13""},""subStepsShown"":{""BOOL"":true},""timeSpentSec"":{""N"":""354""},""stepNumber"":{""N"":""6""},""exceededThreshold"":{""BOOL"":true}}},{""M"":{""stepId"":{""N"":""14""},""subStepsShown"":{""BOOL"":false},""timeSpentSec"":{""N"":""8""},""stepNumber"":{""N"":""7""},""exceededThreshold"":{""BOOL"":false}}},{""M"":{""stepId"":{""N"":""15""},""subStepsShown"":{""BOOL"":false},""timeSpentSec"":{""N"":""3""},""stepNumber"":{""N"":""8""},""exceededThreshold"":{""BOOL"":false}}}]","833","2"
"sess_1764028508476_8qabjq","2025-11-24T23:55:08.495Z","{""createdAt"":{""S"":""2025-11-24T23:55:08.495Z""},""version"":{""S"":""1.0""},""completedAt"":{""S"":""2025-11-24T23:55:08.163Z""}}","P3","tharundtr","1","","[{""M"":{""stepId"":{""N"":""1""},""subStepsShown"":{""BOOL"":false},""timeSpentSec"":{""N"":""1""},""stepNumber"":{""N"":""1""},""exceededThreshold"":{""BOOL"":false}}},{""M"":{""stepId"":{""N"":""5""},""subStepsShown"":{""BOOL"":true},""timeSpentSec"":{""N"":""85""},""stepNumber"":{""N"":""2""},""exceededThreshold"":{""BOOL"":true}}},{""M"":{""stepId"":{""N"":""6""},""subStepsShown"":{""BOOL"":false},""timeSpentSec"":{""N"":""1""},""stepNumber"":{""N"":""3""},""exceededThreshold"":{""BOOL"":false}}},{""M"":{""stepId"":{""N"":""11""},""subStepsShown"":{""BOOL"":false},""timeSpentSec"":{""N"":""1""},""stepNumber"":{""N"":""4""},""exceededThreshold"":{""BOOL"":false}}},{""M"":{""stepId"":{""N"":""12""},""subStepsShown"":{""BOOL"":false},""timeSpentSec"":{""N"":""0""},""stepNumber"":{""N"":""5""},""exceededThreshold"":{""BOOL"":false}}},{""M"":{""stepId"":{""N"":""13""},""subStepsShown"":{""BOOL"":false},""timeSpentSec"":{""N"":""1""},""stepNumber"":{""N"":""6""},""exceededThreshold"":{""BOOL"":false}}},{""M"":{""stepId"":{""N"":""14""},""subStepsShown"":{""BOOL"":false},""timeSpentSec"":{""N"":""0""},""stepNumber"":{""N"":""7""},""exceededThreshold"":{""BOOL"":false}}},{""M"":{""stepId"":{""N"":""15""},""subStepsShown"":{""BOOL"":false},""timeSpentSec"":{""N"":""1""},""stepNumber"":{""N"":""8""},""exceededThreshold"":{""BOOL"":false}}}]","94",""
"sess_1764868337854_vfyexv","2025-12-04T17:12:17.873Z","{""createdAt"":{""S"":""2025-12-04T17:12:17.873Z""},""version"":{""S"":""1.0""},""completedAt"":{""S"":""2025-12-04T17:12:16.307Z""}}","P13","user_34","3","Pressure Testing - Train 1","[{""M"":{""stepId"":{""N"":""41""},""subStepsShown"":{""BOOL"":false},""timeSpentSec"":{""N"":""24""},""stepNumber"":{""N"":""1""},""exceededThreshold"":{""BOOL"":false}}},{""M"":{""stepId"":{""N"":""42""},""subStepsShown"":{""BOOL"":false},""timeSpentSec"":{""N"":""1""},""stepNumber"":{""N"":""2""},""exceededThreshold"":{""BOOL"":false}}},{""M"":{""stepId"":{""N"":""43""},""subStepsShown"":{""BOOL"":false},""timeSpentSec"":{""N"":""10""},""stepNumber"":{""N"":""3""},""exceededThreshold"":{""BOOL"":false}}},{""M"":{""stepId"":{""N"":""44""},""subStepsShown"":{""BOOL"":false},""timeSpentSec"":{""N"":""11""},""stepNumber"":{""N"":""4""},""exceededThreshold"":{""BOOL"":false}}},{""M"":{""stepId"":{""N"":""45""},""subStepsShown"":{""BOOL"":false},""timeSpentSec"":{""N"":""21""},""stepNumber"":{""N"":""5""},""exceededThreshold"":{""BOOL"":false}}},{""M"":{""stepId"":{""N"":""50""},""subStepsShown"":{""BOOL"":false},""timeSpentSec"":{""N"":""74""},""stepNumber"":{""N"":""6""},""exceededThreshold"":{""BOOL"":false}}},{""M"":{""stepId"":{""N"":""51""},""subStepsShown"":{""BOOL"":false},""timeSpentSec"":{""N"":""110""},""stepNumber"":{""N"":""7""},""exceededThreshold"":{""BOOL"":true}}},{""M"":{""stepId"":{""N"":""52""},""subStepsShown"":{""BOOL"":false},""timeSpentSec"":{""N"":""4""},""stepNumber"":{""N"":""8""},""exceededThreshold"":{""BOOL"":false}}},{""M"":{""stepId"":{""N"":""53""},""subStepsShown"":{""BOOL"":false},""timeSpentSec"":{""N"":""17""},""stepNumber"":{""N"":""9""},""exceededThreshold"":{""BOOL"":false}}},{""M"":{""stepId"":{""N"":""54""},""subStepsShown"":{""BOOL"":false},""timeSpentSec"":{""N"":""8""},""stepNumber"":{""N"":""10""},""exceededThreshold"":{""BOOL"":false}}},{""M"":{""stepId"":{""N"":""55""},""subStepsShown"":{""BOOL"":true},""timeSpentSec"":{""N"":""38""},""stepNumber"":{""N"":""11""},""exceededThreshold"":{""BOOL"":true}}},{""M"":{""stepId"":{""N"":""56""},""subStepsShown"":{""BOOL"":false},""timeSpentSec"":{""N"":""8""},""stepNumber"":{""N"":""12""},""exceededThreshold"":{""BOOL"":false}}},{""M"":{""stepId"":{""N"":""57""},""subStepsShown"":{""BOOL"":false},""timeSpentSec"":{""N"":""15""},""stepNumber"":{""N"":""13""},""exceededThreshold"":{""BOOL"":false}}},{""M"":{""stepId"":{""N"":""58""},""subStepsShown"":{""BOOL"":false},""timeSpentSec"":{""N"":""6""},""stepNumber"":{""N"":""14""},""exceededThreshold"":{""BOOL"":false}}}]","354","1"
"sess_1764860095668_e910ks","2025-12-04T14:54:55.668Z","{""createdAt"":{""S"":""2025-12-04T14:54:55.668Z""},""version"":{""S"":""1.0""},""completedAt"":{""S"":""2025-12-04T14:54:55.521Z""}}","P8","user_31","1","Centrifuge - Train 1","[{""M"":{""stepId"":{""N"":""1""},""subStepsShown"":{""BOOL"":true},""timeSpentSec"":{""N"":""305""},""stepNumber"":{""N"":""1""},""exceededThreshold"":{""BOOL"":true}}},{""M"":{""stepId"":{""N"":""2""},""subStepsShown"":{""BOOL"":true},""timeSpentSec"":{""N"":""89""},""stepNumber"":{""N"":""2""},""exceededThreshold"":{""BOOL"":true}}},{""M"":{""stepId"":{""N"":""6""},""subStepsShown"":{""BOOL"":true},""timeSpentSec"":{""N"":""712""},""stepNumber"":{""N"":""3""},""exceededThreshold"":{""BOOL"":true}}},{""M"":{""stepId"":{""N"":""11""},""subStepsShown"":{""BOOL"":false},""timeSpentSec"":{""N"":""26""},""stepNumber"":{""N"":""4""},""exceededThreshold"":{""BOOL"":false}}},{""M"":{""stepId"":{""N"":""12""},""subStepsShown"":{""BOOL"":false},""timeSpentSec"":{""N"":""400""},""stepNumber"":{""N"":""5""},""exceededThreshold"":{""BOOL"":true}}},{""M"":{""stepId"":{""N"":""13""},""subStepsShown"":{""BOOL"":false},""timeSpentSec"":{""N"":""31""},""stepNumber"":{""N"":""6""},""exceededThreshold"":{""BOOL"":false}}},{""M"":{""stepId"":{""N"":""14""},""subStepsShown"":{""BOOL"":false},""timeSpentSec"":{""N"":""52""},""stepNumber"":{""N"":""7""},""exceededThreshold"":{""BOOL"":true}}},{""M"":{""stepId"":{""N"":""15""},""subStepsShown"":{""BOOL"":false},""timeSpentSec"":{""N"":""3""},""stepNumber"":{""N"":""8""},""exceededThreshold"":{""BOOL"":false}}}]","1621","1"
"sess_1764878417226_01bll6","2025-12-04T20:00:17.245Z","{""createdAt"":{""S"":""2025-12-04T20:00:17.245Z""},""version"":{""S"":""1.0""},""completedAt"":{""S"":""2025-12-04T20:00:14.550Z""}}","P15","user14","1","Centrifuge - Train 2","[{""M"":{""stepId"":{""N"":""1""},""subStepsShown"":{""BOOL"":false},""timeSpentSec"":{""N"":""8""},""stepNumber"":{""N"":""1""},""exceededThreshold"":{""BOOL"":false}}},{""M"":{""stepId"":{""N"":""2""},""subStepsShown"":{""BOOL"":true},""timeSpentSec"":{""N"":""94""},""stepNumber"":{""N"":""2""},""exceededThreshold"":{""BOOL"":true}}},{""M"":{""stepId"":{""N"":""6""},""subStepsShown"":{""BOOL"":false},""timeSpentSec"":{""N"":""43""},""stepNumber"":{""N"":""3""},""exceededThreshold"":{""BOOL"":false}}},{""M"":{""stepId"":{""N"":""11""},""subStepsShown"":{""BOOL"":true},""timeSpentSec"":{""N"":""242""},""stepNumber"":{""N"":""4""},""exceededThreshold"":{""BOOL"":true}}},{""M"":{""stepId"":{""N"":""12""},""subStepsShown"":{""BOOL"":false},""timeSpentSec"":{""N"":""494""},""stepNumber"":{""N"":""5""},""exceededThreshold"":{""BOOL"":true}}},{""M"":{""stepId"":{""N"":""13""},""subStepsShown"":{""BOOL"":false},""timeSpentSec"":{""N"":""18""},""stepNumber"":{""N"":""6""},""exceededThreshold"":{""BOOL"":false}}},{""M"":{""stepId"":{""N"":""14""},""subStepsShown"":{""BOOL"":false},""timeSpentSec"":{""N"":""2""},""stepNumber"":{""N"":""7""},""exceededThreshold"":{""BOOL"":false}}},{""M"":{""stepId"":{""N"":""15""},""subStepsShown"":{""BOOL"":false},""timeSpentSec"":{""N"":""5""},""stepNumber"":{""N"":""8""},""exceededThreshold"":{""BOOL"":true}}}]","909","2"
"sess_1764859355760_v7uqcf","2025-12-04T14:42:35.808Z","{""createdAt"":{""S"":""2025-12-04T14:42:35.808Z""},""version"":{""S"":""1.0""},""completedAt"":{""S"":""2025-12-04T14:42:33.458Z""}}","P9","user11","2","Column Flushing - Train 2","[{""M"":{""stepId"":{""N"":""20""},""subStepsShown"":{""BOOL"":false},""timeSpentSec"":{""N"":""298""},""stepNumber"":{""N"":""1""},""exceededThreshold"":{""BOOL"":true}}},{""M"":{""stepId"":{""N"":""21""},""subStepsShown"":{""BOOL"":false},""timeSpentSec"":{""N"":""3""},""stepNumber"":{""N"":""2""},""exceededThreshold"":{""BOOL"":false}}},{""M"":{""stepId"":{""N"":""22""},""subStepsShown"":{""BOOL"":true},""timeSpentSec"":{""N"":""29""},""stepNumber"":{""N"":""3""},""exceededThreshold"":{""BOOL"":true}}},{""M"":{""stepId"":{""N"":""23""},""subStepsShown"":{""BOOL"":false},""timeSpentSec"":{""N"":""16""},""stepNumber"":{""N"":""4""},""exceededThreshold"":{""BOOL"":true}}},{""M"":{""stepId"":{""N"":""24""},""subStepsShown"":{""BOOL"":false},""timeSpentSec"":{""N"":""49""},""stepNumber"":{""N"":""5""},""exceededThreshold"":{""BOOL"":false}}},{""M"":{""stepId"":{""N"":""25""},""subStepsShown"":{""BOOL"":true},""timeSpentSec"":{""N"":""255""},""stepNumber"":{""N"":""6""},""exceededThreshold"":{""BOOL"":true}}},{""M"":{""stepId"":{""N"":""26""},""subStepsShown"":{""BOOL"":false},""timeSpentSec"":{""N"":""6""},""stepNumber"":{""N"":""7""},""exceededThreshold"":{""BOOL"":false}}},{""M"":{""stepId"":{""N"":""27""},""subStepsShown"":{""BOOL"":false},""timeSpentSec"":{""N"":""8""},""stepNumber"":{""N"":""8""},""exceededThreshold"":{""BOOL"":false}}},{""M"":{""stepId"":{""N"":""31""},""subStepsShown"":{""BOOL"":false},""timeSpentSec"":{""N"":""38""},""stepNumber"":{""N"":""9""},""exceededThreshold"":{""BOOL"":true}}},{""M"":{""stepId"":{""N"":""32""},""subStepsShown"":{""BOOL"":false},""timeSpentSec"":{""N"":""5""},""stepNumber"":{""N"":""10""},""exceededThreshold"":{""BOOL"":false}}},{""M"":{""stepId"":{""N"":""33""},""subStepsShown"":{""BOOL"":true},""timeSpentSec"":{""N"":""34""},""stepNumber"":{""N"":""11""},""exceededThreshold"":{""BOOL"":true}}},{""M"":{""stepId"":{""N"":""34""},""subStepsShown"":{""BOOL"":false},""timeSpentSec"":{""N"":""33""},""stepNumber"":{""N"":""12""},""exceededThreshold"":{""BOOL"":true}}},{""M"":{""stepId"":{""N"":""35""},""subStepsShown"":{""BOOL"":false},""timeSpentSec"":{""N"":""38""},""stepNumber"":{""N"":""13""},""exceededThreshold"":{""BOOL"":false}}},{""M"":{""stepId"":{""N"":""36""},""subStepsShown"":{""BOOL"":false},""timeSpentSec"":{""N"":""5""},""stepNumber"":{""N"":""14""},""exceededThreshold"":{""BOOL"":false}}}]","824","2"
"sess_1764859992796_enrdj2","2025-12-04T14:53:12.796Z","{""createdAt"":{""S"":""2025-12-04T14:53:12.796Z""},""version"":{""S"":""1.0""},""completedAt"":{""S"":""2025-12-04T14:53:10.022Z""}}","P10","user12","2","Column Flushing - Train 2","[{""M"":{""stepId"":{""N"":""20""},""subStepsShown"":{""BOOL"":false},""timeSpentSec"":{""N"":""63""},""stepNumber"":{""N"":""1""},""exceededThreshold"":{""BOOL"":true}}},{""M"":{""stepId"":{""N"":""21""},""subStepsShown"":{""BOOL"":false},""timeSpentSec"":{""N"":""5""},""stepNumber"":{""N"":""2""},""exceededThreshold"":{""BOOL"":false}}},{""M"":{""stepId"":{""N"":""22""},""subStepsShown"":{""BOOL"":true},""timeSpentSec"":{""N"":""13""},""stepNumber"":{""N"":""3""},""exceededThreshold"":{""BOOL"":true}}},{""M"":{""stepId"":{""N"":""23""},""subStepsShown"":{""BOOL"":false},""timeSpentSec"":{""N"":""6""},""stepNumber"":{""N"":""4""},""exceededThreshold"":{""BOOL"":false}}},{""M"":{""stepId"":{""N"":""24""},""subStepsShown"":{""BOOL"":false},""timeSpentSec"":{""N"":""17""},""stepNumber"":{""N"":""5""},""exceededThreshold"":{""BOOL"":false}}},{""M"":{""stepId"":{""N"":""25""},""subStepsShown"":{""BOOL"":true},""timeSpentSec"":{""N"":""139""},""stepNumber"":{""N"":""6""},""exceededThreshold"":{""BOOL"":true}}},{""M"":{""stepId"":{""N"":""26""},""subStepsShown"":{""BOOL"":false},""timeSpentSec"":{""N"":""5""},""stepNumber"":{""N"":""7""},""exceededThreshold"":{""BOOL"":false}}},{""M"":{""stepId"":{""N"":""27""},""subStepsShown"":{""BOOL"":false},""timeSpentSec"":{""N"":""5""},""stepNumber"":{""N"":""8""},""exceededThreshold"":{""BOOL"":false}}},{""M"":{""stepId"":{""N"":""31""},""subStepsShown"":{""BOOL"":false},""timeSpentSec"":{""N"":""13""},""stepNumber"":{""N"":""9""},""exceededThreshold"":{""BOOL"":false}}},{""M"":{""stepId"":{""N"":""32""},""subStepsShown"":{""BOOL"":false},""timeSpentSec"":{""N"":""24""},""stepNumber"":{""N"":""10""},""exceededThreshold"":{""BOOL"":false}}},{""M"":{""stepId"":{""N"":""33""},""subStepsShown"":{""BOOL"":false},""timeSpentSec"":{""N"":""20""},""stepNumber"":{""N"":""11""},""exceededThreshold"":{""BOOL"":false}}},{""M"":{""stepId"":{""N"":""34""},""subStepsShown"":{""BOOL"":false},""timeSpentSec"":{""N"":""37""},""stepNumber"":{""N"":""12""},""exceededThreshold"":{""BOOL"":true}}},{""M"":{""stepId"":{""N"":""35""},""subStepsShown"":{""BOOL"":false},""timeSpentSec"":{""N"":""23""},""stepNumber"":{""N"":""13""},""exceededThreshold"":{""BOOL"":false}}},{""M"":{""stepId"":{""N"":""36""},""subStepsShown"":{""BOOL"":false},""timeSpentSec"":{""N"":""17""},""stepNumber"":{""N"":""14""},""exceededThreshold"":{""BOOL"":false}}}]","393","2"
"sess_1764879061444_5tl4u2","2025-12-04T20:11:01.445Z","{""createdAt"":{""S"":""2025-12-04T20:11:01.445Z""},""version"":{""S"":""1.0""},""completedAt"":{""S"":""2025-12-04T20:10:59.654Z""}}","P17","user_36","3","Pressure Testing - Train 1","[{""M"":{""stepId"":{""N"":""41""},""subStepsShown"":{""BOOL"":false},""timeSpentSec"":{""N"":""22""},""stepNumber"":{""N"":""1""},""exceededThreshold"":{""BOOL"":false}}},{""M"":{""stepId"":{""N"":""42""},""subStepsShown"":{""BOOL"":false},""timeSpentSec"":{""N"":""3""},""stepNumber"":{""N"":""2""},""exceededThreshold"":{""BOOL"":false}}},{""M"":{""stepId"":{""N"":""43""},""subStepsShown"":{""BOOL"":false},""timeSpentSec"":{""N"":""12""},""stepNumber"":{""N"":""3""},""exceededThreshold"":{""BOOL"":false}}},{""M"":{""stepId"":{""N"":""44""},""subStepsShown"":{""BOOL"":false},""timeSpentSec"":{""N"":""9""},""stepNumber"":{""N"":""4""},""exceededThreshold"":{""BOOL"":false}}},{""M"":{""stepId"":{""N"":""45""},""subStepsShown"":{""BOOL"":false},""timeSpentSec"":{""N"":""27""},""stepNumber"":{""N"":""5""},""exceededThreshold"":{""BOOL"":false}}},{""M"":{""stepId"":{""N"":""50""},""subStepsShown"":{""BOOL"":false},""timeSpentSec"":{""N"":""94""},""stepNumber"":{""N"":""6""},""exceededThreshold"":{""BOOL"":false}}},{""M"":{""stepId"":{""N"":""51""},""subStepsShown"":{""BOOL"":false},""timeSpentSec"":{""N"":""59""},""stepNumber"":{""N"":""7""},""exceededThreshold"":{""BOOL"":false}}},{""M"":{""stepId"":{""N"":""52""},""subStepsShown"":{""BOOL"":false},""timeSpentSec"":{""N"":""16""},""stepNumber"":{""N"":""8""},""exceededThreshold"":{""BOOL"":false}}},{""M"":{""stepId"":{""N"":""53""},""subStepsShown"":{""BOOL"":false},""timeSpentSec"":{""N"":""26""},""stepNumber"":{""N"":""9""},""exceededThreshold"":{""BOOL"":false}}},{""M"":{""stepId"":{""N"":""54""},""subStepsShown"":{""BOOL"":false},""timeSpentSec"":{""N"":""7""},""stepNumber"":{""N"":""10""},""exceededThreshold"":{""BOOL"":false}}},{""M"":{""stepId"":{""N"":""55""},""subStepsShown"":{""BOOL"":false},""timeSpentSec"":{""N"":""11""},""stepNumber"":{""N"":""11""},""exceededThreshold"":{""BOOL"":false}}},{""M"":{""stepId"":{""N"":""56""},""subStepsShown"":{""BOOL"":false},""timeSpentSec"":{""N"":""21""},""stepNumber"":{""N"":""12""},""exceededThreshold"":{""BOOL"":false}}},{""M"":{""stepId"":{""N"":""57""},""subStepsShown"":{""BOOL"":false},""timeSpentSec"":{""N"":""18""},""stepNumber"":{""N"":""13""},""exceededThreshold"":{""BOOL"":false}}},{""M"":{""stepId"":{""N"":""58""},""subStepsShown"":{""BOOL"":false},""timeSpentSec"":{""N"":""4""},""stepNumber"":{""N"":""14""},""exceededThreshold"":{""BOOL"":false}}}]","335","1"
"sess_1764877305136_arpc65","2025-12-04T19:41:45.156Z","{""createdAt"":{""S"":""2025-12-04T19:41:45.156Z""},""version"":{""S"":""1.0""},""completedAt"":{""S"":""2025-12-04T19:41:43.461Z""}}","P17","user_36","2","Column Flushing - Train 1","[{""M"":{""stepId"":{""N"":""20""},""subStepsShown"":{""BOOL"":false},""timeSpentSec"":{""N"":""18""},""stepNumber"":{""N"":""1""},""exceededThreshold"":{""BOOL"":false}}},{""M"":{""stepId"":{""N"":""21""},""subStepsShown"":{""BOOL"":false},""timeSpentSec"":{""N"":""1""},""stepNumber"":{""N"":""2""},""exceededThreshold"":{""BOOL"":false}}},{""M"":{""stepId"":{""N"":""22""},""subStepsShown"":{""BOOL"":false},""timeSpentSec"":{""N"":""8""},""stepNumber"":{""N"":""3""},""exceededThreshold"":{""BOOL"":false}}},{""M"":{""stepId"":{""N"":""23""},""subStepsShown"":{""BOOL"":false},""timeSpentSec"":{""N"":""5""},""stepNumber"":{""N"":""4""},""exceededThreshold"":{""BOOL"":false}}},{""M"":{""stepId"":{""N"":""24""},""subStepsShown"":{""BOOL"":false},""timeSpentSec"":{""N"":""16""},""stepNumber"":{""N"":""5""},""exceededThreshold"":{""BOOL"":false}}},{""M"":{""stepId"":{""N"":""25""},""subStepsShown"":{""BOOL"":false},""timeSpentSec"":{""N"":""3""},""stepNumber"":{""N"":""6""},""exceededThreshold"":{""BOOL"":false}}},{""M"":{""stepId"":{""N"":""26""},""subStepsShown"":{""BOOL"":false},""timeSpentSec"":{""N"":""46""},""stepNumber"":{""N"":""7""},""exceededThreshold"":{""BOOL"":false}}},{""M"":{""stepId"":{""N"":""27""},""subStepsShown"":{""BOOL"":false},""timeSpentSec"":{""N"":""21""},""stepNumber"":{""N"":""8""},""exceededThreshold"":{""BOOL"":false}}},{""M"":{""stepId"":{""N"":""31""},""subStepsShown"":{""BOOL"":false},""timeSpentSec"":{""N"":""28""},""stepNumber"":{""N"":""9""},""exceededThreshold"":{""BOOL"":true}}},{""M"":{""stepId"":{""N"":""32""},""subStepsShown"":{""BOOL"":false},""timeSpentSec"":{""N"":""19""},""stepNumber"":{""N"":""10""},""exceededThreshold"":{""BOOL"":false}}},{""M"":{""stepId"":{""N"":""33""},""subStepsShown"":{""BOOL"":false},""timeSpentSec"":{""N"":""9""},""stepNumber"":{""N"":""11""},""exceededThreshold"":{""BOOL"":false}}},{""M"":{""stepId"":{""N"":""34""},""subStepsShown"":{""BOOL"":false},""timeSpentSec"":{""N"":""19""},""stepNumber"":{""N"":""12""},""exceededThreshold"":{""BOOL"":true}}},{""M"":{""stepId"":{""N"":""35""},""subStepsShown"":{""BOOL"":false},""timeSpentSec"":{""N"":""22""},""stepNumber"":{""N"":""13""},""exceededThreshold"":{""BOOL"":false}}},{""M"":{""stepId"":{""N"":""36""},""subStepsShown"":{""BOOL"":false},""timeSpentSec"":{""N"":""2""},""stepNumber"":{""N"":""14""},""exceededThreshold"":{""BOOL"":false}}}]","224","1"
"sess_1764028727453_fev8z5","2025-11-24T23:58:47.453Z","{""createdAt"":{""S"":""2025-11-24T23:58:47.453Z""},""version"":{""S"":""1.0""},""completedAt"":{""S"":""2025-11-24T23:58:47.265Z""}}","","","1","","[{""M"":{""stepId"":{""N"":""1""},""subStepsShown"":{""BOOL"":false},""timeSpentSec"":{""N"":""1""},""stepNumber"":{""N"":""1""},""exceededThreshold"":{""BOOL"":false}}},{""M"":{""stepId"":{""N"":""5""},""subStepsShown"":{""BOOL"":false},""timeSpentSec"":{""N"":""1""},""stepNumber"":{""N"":""2""},""exceededThreshold"":{""BOOL"":false}}},{""M"":{""stepId"":{""N"":""6""},""subStepsShown"":{""BOOL"":false},""timeSpentSec"":{""N"":""1""},""stepNumber"":{""N"":""3""},""exceededThreshold"":{""BOOL"":false}}},{""M"":{""stepId"":{""N"":""11""},""subStepsShown"":{""BOOL"":false},""timeSpentSec"":{""N"":""1""},""stepNumber"":{""N"":""4""},""exceededThreshold"":{""BOOL"":false}}},{""M"":{""stepId"":{""N"":""12""},""subStepsShown"":{""BOOL"":false},""timeSpentSec"":{""N"":""1""},""stepNumber"":{""N"":""5""},""exceededThreshold"":{""BOOL"":false}}},{""M"":{""stepId"":{""N"":""13""},""subStepsShown"":{""BOOL"":false},""timeSpentSec"":{""N"":""0""},""stepNumber"":{""N"":""6""},""exceededThreshold"":{""BOOL"":false}}},{""M"":{""stepId"":{""N"":""14""},""subStepsShown"":{""BOOL"":false},""timeSpentSec"":{""N"":""1""},""stepNumber"":{""N"":""7""},""exceededThreshold"":{""BOOL"":false}}},{""M"":{""stepId"":{""N"":""15""},""subStepsShown"":{""BOOL"":false},""timeSpentSec"":{""N"":""1""},""stepNumber"":{""N"":""8""},""exceededThreshold"":{""BOOL"":false}}}]","10",""
"sess_1764865182095_fri17d","2025-12-04T16:19:42.095Z","{""createdAt"":{""S"":""2025-12-04T16:19:42.095Z""},""version"":{""S"":""1.0""},""completedAt"":{""S"":""2025-12-04T16:19:39.707Z""}}","P9","user11","1","Centrifuge - Train 2","[{""M"":{""stepId"":{""N"":""1""},""subStepsShown"":{""BOOL"":true},""timeSpentSec"":{""N"":""327""},""stepNumber"":{""N"":""1""},""exceededThreshold"":{""BOOL"":true}}},{""M"":{""stepId"":{""N"":""2""},""subStepsShown"":{""BOOL"":false},""timeSpentSec"":{""N"":""11""},""stepNumber"":{""N"":""2""},""exceededThreshold"":{""BOOL"":false}}},{""M"":{""stepId"":{""N"":""6""},""subStepsShown"":{""BOOL"":false},""timeSpentSec"":{""N"":""110""},""stepNumber"":{""N"":""3""},""exceededThreshold"":{""BOOL"":false}}},{""M"":{""stepId"":{""N"":""11""},""subStepsShown"":{""BOOL"":true},""timeSpentSec"":{""N"":""862""},""stepNumber"":{""N"":""4""},""exceededThreshold"":{""BOOL"":true}}},{""M"":{""stepId"":{""N"":""12""},""subStepsShown"":{""BOOL"":false},""timeSpentSec"":{""N"":""355""},""stepNumber"":{""N"":""5""},""exceededThreshold"":{""BOOL"":true}}},{""M"":{""stepId"":{""N"":""13""},""subStepsShown"":{""BOOL"":true},""timeSpentSec"":{""N"":""79""},""stepNumber"":{""N"":""6""},""exceededThreshold"":{""BOOL"":true}}},{""M"":{""stepId"":{""N"":""14""},""subStepsShown"":{""BOOL"":false},""timeSpentSec"":{""N"":""12""},""stepNumber"":{""N"":""7""},""exceededThreshold"":{""BOOL"":false}}},{""M"":{""stepId"":{""N"":""15""},""subStepsShown"":{""BOOL"":false},""timeSpentSec"":{""N"":""1""},""stepNumber"":{""N"":""8""},""exceededThreshold"":{""BOOL"":false}}}]","1761","2"
"sess_1764101343585_8et61y","2025-11-25T20:09:03.603Z","{""createdAt"":{""S"":""2025-11-25T20:09:03.603Z""},""version"":{""S"":""1.0""},""completedAt"":{""S"":""2025-11-25T20:09:01.969Z""}}","P5","SARAH","1","","[{""M"":{""stepId"":{""N"":""1""},""subStepsShown"":{""BOOL"":true},""timeSpentSec"":{""N"":""357""},""stepNumber"":{""N"":""1""},""exceededThreshold"":{""BOOL"":true}}},{""M"":{""stepId"":{""N"":""5""},""subStepsShown"":{""BOOL"":true},""timeSpentSec"":{""N"":""274""},""stepNumber"":{""N"":""2""},""exceededThreshold"":{""BOOL"":true}}},{""M"":{""stepId"":{""N"":""6""},""subStepsShown"":{""BOOL"":false},""timeSpentSec"":{""N"":""2""},""stepNumber"":{""N"":""3""},""exceededThreshold"":{""BOOL"":false}}},{""M"":{""stepId"":{""N"":""11""},""subStepsShown"":{""BOOL"":false},""timeSpentSec"":{""N"":""3""},""stepNumber"":{""N"":""4""},""exceededThreshold"":{""BOOL"":false}}},{""M"":{""stepId"":{""N"":""12""},""subStepsShown"":{""BOOL"":false},""timeSpentSec"":{""N"":""0""},""stepNumber"":{""N"":""5""},""exceededThreshold"":{""BOOL"":false}}},{""M"":{""stepId"":{""N"":""13""},""subStepsShown"":{""BOOL"":false},""timeSpentSec"":{""N"":""2""},""stepNumber"":{""N"":""6""},""exceededThreshold"":{""BOOL"":false}}},{""M"":{""stepId"":{""N"":""14""},""subStepsShown"":{""BOOL"":false},""timeSpentSec"":{""N"":""0""},""stepNumber"":{""N"":""7""},""exceededThreshold"":{""BOOL"":false}}},{""M"":{""stepId"":{""N"":""15""},""subStepsShown"":{""BOOL"":false},""timeSpentSec"":{""N"":""1""},""stepNumber"":{""N"":""8""},""exceededThreshold"":{""BOOL"":false}}}]","642",""
"sess_1764699035599_40pirx","2025-12-02T18:10:35.599Z","{""createdAt"":{""S"":""2025-12-02T18:10:35.599Z""},""version"":{""S"":""1.0""},""completedAt"":{""S"":""2025-12-02T18:10:33.819Z""}}","P6","test_user","1","Centrifuge - Train 1","[{""M"":{""stepId"":{""N"":""1""},""subStepsShown"":{""BOOL"":true},""timeSpentSec"":{""N"":""61""},""stepNumber"":{""N"":""1""},""exceededThreshold"":{""BOOL"":true}}},{""M"":{""stepId"":{""N"":""5""},""subStepsShown"":{""BOOL"":false},""timeSpentSec"":{""N"":""3""},""stepNumber"":{""N"":""2""},""exceededThreshold"":{""BOOL"":false}}},{""M"":{""stepId"":{""N"":""6""},""subStepsShown"":{""BOOL"":false},""timeSpentSec"":{""N"":""1""},""stepNumber"":{""N"":""3""},""exceededThreshold"":{""BOOL"":false}}},{""M"":{""stepId"":{""N"":""11""},""subStepsShown"":{""BOOL"":true},""timeSpentSec"":{""N"":""89""},""stepNumber"":{""N"":""4""},""exceededThreshold"":{""BOOL"":true}}},{""M"":{""stepId"":{""N"":""12""},""subStepsShown"":{""BOOL"":false},""timeSpentSec"":{""N"":""20""},""stepNumber"":{""N"":""5""},""exceededThreshold"":{""BOOL"":false}}},{""M"":{""stepId"":{""N"":""13""},""subStepsShown"":{""BOOL"":false},""timeSpentSec"":{""N"":""1""},""stepNumber"":{""N"":""6""},""exceededThreshold"":{""BOOL"":false}}},{""M"":{""stepId"":{""N"":""14""},""subStepsShown"":{""BOOL"":false},""timeSpentSec"":{""N"":""1""},""stepNumber"":{""N"":""7""},""exceededThreshold"":{""BOOL"":false}}},{""M"":{""stepId"":{""N"":""15""},""subStepsShown"":{""BOOL"":false},""timeSpentSec"":{""N"":""1""},""stepNumber"":{""N"":""8""},""exceededThreshold"":{""BOOL"":false}}}]","180","1"
"sess_1764878583325_v5ze2c","2025-12-04T20:03:03.325Z","{""createdAt"":{""S"":""2025-12-04T20:03:03.325Z""},""version"":{""S"":""1.0""},""completedAt"":{""S"":""2025-12-04T20:03:02.791Z""}}","P16","user_35","3","Pressure Testing - Train 1","[{""M"":{""stepId"":{""N"":""41""},""subStepsShown"":{""BOOL"":false},""timeSpentSec"":{""N"":""20""},""stepNumber"":{""N"":""1""},""exceededThreshold"":{""BOOL"":false}}},{""M"":{""stepId"":{""N"":""42""},""subStepsShown"":{""BOOL"":false},""timeSpentSec"":{""N"":""1""},""stepNumber"":{""N"":""2""},""exceededThreshold"":{""BOOL"":false}}},{""M"":{""stepId"":{""N"":""43""},""subStepsShown"":{""BOOL"":false},""timeSpentSec"":{""N"":""14""},""stepNumber"":{""N"":""3""},""exceededThreshold"":{""BOOL"":false}}},{""M"":{""stepId"":{""N"":""44""},""subStepsShown"":{""BOOL"":false},""timeSpentSec"":{""N"":""42""},""stepNumber"":{""N"":""4""},""exceededThreshold"":{""BOOL"":false}}},{""M"":{""stepId"":{""N"":""45""},""subStepsShown"":{""BOOL"":false},""timeSpentSec"":{""N"":""19""},""stepNumber"":{""N"":""5""},""exceededThreshold"":{""BOOL"":false}}},{""M"":{""stepId"":{""N"":""50""},""subStepsShown"":{""BOOL"":true},""timeSpentSec"":{""N"":""281""},""stepNumber"":{""N"":""6""},""exceededThreshold"":{""BOOL"":true}}},{""M"":{""stepId"":{""N"":""51""},""subStepsShown"":{""BOOL"":false},""timeSpentSec"":{""N"":""31""},""stepNumber"":{""N"":""7""},""exceededThreshold"":{""BOOL"":false}}},{""M"":{""stepId"":{""N"":""52""},""subStepsShown"":{""BOOL"":true},""timeSpentSec"":{""N"":""247""},""stepNumber"":{""N"":""8""},""exceededThreshold"":{""BOOL"":true}}},{""M"":{""stepId"":{""N"":""53""},""subStepsShown"":{""BOOL"":false},""timeSpentSec"":{""N"":""18""},""stepNumber"":{""N"":""9""},""exceededThreshold"":{""BOOL"":false}}},{""M"":{""stepId"":{""N"":""54""},""subStepsShown"":{""BOOL"":false},""timeSpentSec"":{""N"":""13""},""stepNumber"":{""N"":""10""},""exceededThreshold"":{""BOOL"":false}}},{""M"":{""stepId"":{""N"":""55""},""subStepsShown"":{""BOOL"":false},""timeSpentSec"":{""N"":""20""},""stepNumber"":{""N"":""11""},""exceededThreshold"":{""BOOL"":false}}},{""M"":{""stepId"":{""N"":""56""},""subStepsShown"":{""BOOL"":false},""timeSpentSec"":{""N"":""17""},""stepNumber"":{""N"":""12""},""exceededThreshold"":{""BOOL"":false}}},{""M"":{""stepId"":{""N"":""57""},""subStepsShown"":{""BOOL"":false},""timeSpentSec"":{""N"":""10""},""stepNumber"":{""N"":""13""},""exceededThreshold"":{""BOOL"":false}}},{""M"":{""stepId"":{""N"":""58""},""subStepsShown"":{""BOOL"":false},""timeSpentSec"":{""N"":""3""},""stepNumber"":{""N"":""14""},""exceededThreshold"":{""BOOL"":false}}}]","743","1"
"sess_1764866295975_rj31nl","2025-12-04T16:38:15.975Z","{""createdAt"":{""S"":""2025-12-04T16:38:15.975Z""},""version"":{""S"":""1.0""},""completedAt"":{""S"":""2025-12-04T16:38:15.617Z""}}","P12","user_33","2","Column Flushing - Train 1","[{""M"":{""stepId"":{""N"":""20""},""subStepsShown"":{""BOOL"":false},""timeSpentSec"":{""N"":""70""},""stepNumber"":{""N"":""1""},""exceededThreshold"":{""BOOL"":true}}},{""M"":{""stepId"":{""N"":""21""},""subStepsShown"":{""BOOL"":false},""timeSpentSec"":{""N"":""1""},""stepNumber"":{""N"":""2""},""exceededThreshold"":{""BOOL"":false}}},{""M"":{""stepId"":{""N"":""22""},""subStepsShown"":{""BOOL"":false},""timeSpentSec"":{""N"":""10""},""stepNumber"":{""N"":""3""},""exceededThreshold"":{""BOOL"":false}}},{""M"":{""stepId"":{""N"":""23""},""subStepsShown"":{""BOOL"":false},""timeSpentSec"":{""N"":""4""},""stepNumber"":{""N"":""4""},""exceededThreshold"":{""BOOL"":false}}},{""M"":{""stepId"":{""N"":""24""},""subStepsShown"":{""BOOL"":false},""timeSpentSec"":{""N"":""26""},""stepNumber"":{""N"":""5""},""exceededThreshold"":{""BOOL"":false}}},{""M"":{""stepId"":{""N"":""25""},""subStepsShown"":{""BOOL"":false},""timeSpentSec"":{""N"":""9""},""stepNumber"":{""N"":""6""},""exceededThreshold"":{""BOOL"":false}}},{""M"":{""stepId"":{""N"":""26""},""subStepsShown"":{""BOOL"":true},""timeSpentSec"":{""N"":""76""},""stepNumber"":{""N"":""7""},""exceededThreshold"":{""BOOL"":true}}},{""M"":{""stepId"":{""N"":""27""},""subStepsShown"":{""BOOL"":false},""timeSpentSec"":{""N"":""5""},""stepNumber"":{""N"":""8""},""exceededThreshold"":{""BOOL"":false}}},{""M"":{""stepId"":{""N"":""31""},""subStepsShown"":{""BOOL"":false},""timeSpentSec"":{""N"":""64""},""stepNumber"":{""N"":""9""},""exceededThreshold"":{""BOOL"":true}}},{""M"":{""stepId"":{""N"":""32""},""subStepsShown"":{""BOOL"":false},""timeSpentSec"":{""N"":""39""},""stepNumber"":{""N"":""10""},""exceededThreshold"":{""BOOL"":true}}},{""M"":{""stepId"":{""N"":""33""},""subStepsShown"":{""BOOL"":false},""timeSpentSec"":{""N"":""16""},""stepNumber"":{""N"":""11""},""exceededThreshold"":{""BOOL"":false}}},{""M"":{""stepId"":{""N"":""34""},""subStepsShown"":{""BOOL"":false},""timeSpentSec"":{""N"":""12""},""stepNumber"":{""N"":""12""},""exceededThreshold"":{""BOOL"":false}}},{""M"":{""stepId"":{""N"":""35""},""subStepsShown"":{""BOOL"":false},""timeSpentSec"":{""N"":""29""},""stepNumber"":{""N"":""13""},""exceededThreshold"":{""BOOL"":false}}},{""M"":{""stepId"":{""N"":""36""},""subStepsShown"":{""BOOL"":false},""timeSpentSec"":{""N"":""2""},""stepNumber"":{""N"":""14""},""exceededThreshold"":{""BOOL"":false}}}]","370","1"
"sess_1764863647001_ql81sx","2025-12-04T15:54:07.001Z","{""createdAt"":{""S"":""2025-12-04T15:54:07.001Z""},""version"":{""S"":""1.0""},""completedAt"":{""S"":""2025-12-04T15:54:07.180Z""}}","P11","user_32","2","Column Flushing - Train 1","[{""M"":{""stepId"":{""N"":""20""},""subStepsShown"":{""BOOL"":false},""timeSpentSec"":{""N"":""18""},""stepNumber"":{""N"":""1""},""exceededThreshold"":{""BOOL"":false}}},{""M"":{""stepId"":{""N"":""21""},""subStepsShown"":{""BOOL"":false},""timeSpentSec"":{""N"":""26""},""stepNumber"":{""N"":""2""},""exceededThreshold"":{""BOOL"":true}}},{""M"":{""stepId"":{""N"":""22""},""subStepsShown"":{""BOOL"":false},""timeSpentSec"":{""N"":""1""},""stepNumber"":{""N"":""3""},""exceededThreshold"":{""BOOL"":false}}},{""M"":{""stepId"":{""N"":""23""},""subStepsShown"":{""BOOL"":false},""timeSpentSec"":{""N"":""3""},""stepNumber"":{""N"":""4""},""exceededThreshold"":{""BOOL"":false}}},{""M"":{""stepId"":{""N"":""24""},""subStepsShown"":{""BOOL"":false},""timeSpentSec"":{""N"":""8""},""stepNumber"":{""N"":""5""},""exceededThreshold"":{""BOOL"":false}}},{""M"":{""stepId"":{""N"":""25""},""subStepsShown"":{""BOOL"":false},""timeSpentSec"":{""N"":""7""},""stepNumber"":{""N"":""6""},""exceededThreshold"":{""BOOL"":false}}},{""M"":{""stepId"":{""N"":""26""},""subStepsShown"":{""BOOL"":false},""timeSpentSec"":{""N"":""66""},""stepNumber"":{""N"":""7""},""exceededThreshold"":{""BOOL"":false}}},{""M"":{""stepId"":{""N"":""27""},""subStepsShown"":{""BOOL"":false},""timeSpentSec"":{""N"":""13""},""stepNumber"":{""N"":""8""},""exceededThreshold"":{""BOOL"":false}}},{""M"":{""stepId"":{""N"":""31""},""subStepsShown"":{""BOOL"":false},""timeSpentSec"":{""N"":""40""},""stepNumber"":{""N"":""9""},""exceededThreshold"":{""BOOL"":true}}},{""M"":{""stepId"":{""N"":""32""},""subStepsShown"":{""BOOL"":false},""timeSpentSec"":{""N"":""47""},""stepNumber"":{""N"":""10""},""exceededThreshold"":{""BOOL"":true}}},{""M"":{""stepId"":{""N"":""33""},""subStepsShown"":{""BOOL"":false},""timeSpentSec"":{""N"":""11""},""stepNumber"":{""N"":""11""},""exceededThreshold"":{""BOOL"":false}}},{""M"":{""stepId"":{""N"":""34""},""subStepsShown"":{""BOOL"":false},""timeSpentSec"":{""N"":""6""},""stepNumber"":{""N"":""12""},""exceededThreshold"":{""BOOL"":false}}},{""M"":{""stepId"":{""N"":""35""},""subStepsShown"":{""BOOL"":false},""timeSpentSec"":{""N"":""54""},""stepNumber"":{""N"":""13""},""exceededThreshold"":{""BOOL"":false}}},{""M"":{""stepId"":{""N"":""36""},""subStepsShown"":{""BOOL"":false},""timeSpentSec"":{""N"":""2""},""stepNumber"":{""N"":""14""},""exceededThreshold"":{""BOOL"":false}}}]","307","1"
"sess_1764628722801_7pegq9","2025-12-01T22:38:42.801Z","{""createdAt"":{""S"":""2025-12-01T22:38:42.801Z""},""version"":{""S"":""1.0""},""completedAt"":{""S"":""2025-12-01T22:38:41.476Z""}}","P6","test_user","1","","[{""M"":{""stepId"":{""N"":""1""},""subStepsShown"":{""BOOL"":false},""timeSpentSec"":{""N"":""2""},""stepNumber"":{""N"":""1""},""exceededThreshold"":{""BOOL"":false}}},{""M"":{""stepId"":{""N"":""5""},""subStepsShown"":{""BOOL"":false},""timeSpentSec"":{""N"":""2""},""stepNumber"":{""N"":""2""},""exceededThreshold"":{""BOOL"":false}}},{""M"":{""stepId"":{""N"":""6""},""subStepsShown"":{""BOOL"":false},""timeSpentSec"":{""N"":""1""},""stepNumber"":{""N"":""3""},""exceededThreshold"":{""BOOL"":false}}},{""M"":{""stepId"":{""N"":""11""},""subStepsShown"":{""BOOL"":false},""timeSpentSec"":{""N"":""1""},""stepNumber"":{""N"":""4""},""exceededThreshold"":{""BOOL"":false}}},{""M"":{""stepId"":{""N"":""12""},""subStepsShown"":{""BOOL"":false},""timeSpentSec"":{""N"":""1""},""stepNumber"":{""N"":""5""},""exceededThreshold"":{""BOOL"":false}}},{""M"":{""stepId"":{""N"":""13""},""subStepsShown"":{""BOOL"":false},""timeSpentSec"":{""N"":""1""},""stepNumber"":{""N"":""6""},""exceededThreshold"":{""BOOL"":false}}},{""M"":{""stepId"":{""N"":""14""},""subStepsShown"":{""BOOL"":false},""timeSpentSec"":{""N"":""3""},""stepNumber"":{""N"":""7""},""exceededThreshold"":{""BOOL"":false}}},{""M"":{""stepId"":{""N"":""15""},""subStepsShown"":{""BOOL"":false},""timeSpentSec"":{""N"":""1""},""stepNumber"":{""N"":""8""},""exceededThreshold"":{""BOOL"":false}}}]","15",""
"sess_1764866684526_aagzlo","2025-12-04T16:44:44.526Z","{""createdAt"":{""S"":""2025-12-04T16:44:44.526Z""},""version"":{""S"":""1.0""},""completedAt"":{""S"":""2025-12-04T16:44:45.787Z""}}","P13","user_34","2","Column Flushing - Train 1","[{""M"":{""stepId"":{""N"":""20""},""subStepsShown"":{""BOOL"":false},""timeSpentSec"":{""N"":""15""},""stepNumber"":{""N"":""1""},""exceededThreshold"":{""BOOL"":false}}},{""M"":{""stepId"":{""N"":""21""},""subStepsShown"":{""BOOL"":false},""timeSpentSec"":{""N"":""2""},""stepNumber"":{""N"":""2""},""exceededThreshold"":{""BOOL"":false}}},{""M"":{""stepId"":{""N"":""22""},""subStepsShown"":{""BOOL"":false},""timeSpentSec"":{""N"":""6""},""stepNumber"":{""N"":""3""},""exceededThreshold"":{""BOOL"":false}}},{""M"":{""stepId"":{""N"":""23""},""subStepsShown"":{""BOOL"":false},""timeSpentSec"":{""N"":""1""},""stepNumber"":{""N"":""4""},""exceededThreshold"":{""BOOL"":false}}},{""M"":{""stepId"":{""N"":""24""},""subStepsShown"":{""BOOL"":false},""timeSpentSec"":{""N"":""30""},""stepNumber"":{""N"":""5""},""exceededThreshold"":{""BOOL"":false}}},{""M"":{""stepId"":{""N"":""25""},""subStepsShown"":{""BOOL"":false},""timeSpentSec"":{""N"":""1""},""stepNumber"":{""N"":""6""},""exceededThreshold"":{""BOOL"":false}}},{""M"":{""stepId"":{""N"":""26""},""subStepsShown"":{""BOOL"":true},""timeSpentSec"":{""N"":""78""},""stepNumber"":{""N"":""7""},""exceededThreshold"":{""BOOL"":true}}},{""M"":{""stepId"":{""N"":""27""},""subStepsShown"":{""BOOL"":false},""timeSpentSec"":{""N"":""10""},""stepNumber"":{""N"":""8""},""exceededThreshold"":{""BOOL"":false}}},{""M"":{""stepId"":{""N"":""31""},""subStepsShown"":{""BOOL"":false},""timeSpentSec"":{""N"":""35""},""stepNumber"":{""N"":""9""},""exceededThreshold"":{""BOOL"":true}}},{""M"":{""stepId"":{""N"":""32""},""subStepsShown"":{""BOOL"":false},""timeSpentSec"":{""N"":""19""},""stepNumber"":{""N"":""10""},""exceededThreshold"":{""BOOL"":false}}},{""M"":{""stepId"":{""N"":""33""},""subStepsShown"":{""BOOL"":false},""timeSpentSec"":{""N"":""18""},""stepNumber"":{""N"":""11""},""exceededThreshold"":{""BOOL"":false}}},{""M"":{""stepId"":{""N"":""34""},""subStepsShown"":{""BOOL"":false},""timeSpentSec"":{""N"":""15""},""stepNumber"":{""N"":""12""},""exceededThreshold"":{""BOOL"":true}}},{""M"":{""stepId"":{""N"":""35""},""subStepsShown"":{""BOOL"":false},""timeSpentSec"":{""N"":""29""},""stepNumber"":{""N"":""13""},""exceededThreshold"":{""BOOL"":false}}},{""M"":{""stepId"":{""N"":""36""},""subStepsShown"":{""BOOL"":false},""timeSpentSec"":{""N"":""5""},""stepNumber"":{""N"":""14""},""exceededThreshold"":{""BOOL"":false}}}]","271","1"
"sess_1764872309516_ivesvw","2025-12-04T18:18:29.516Z","{""createdAt"":{""S"":""2025-12-04T18:18:29.516Z""},""version"":{""S"":""1.0""},""completedAt"":{""S"":""2025-12-04T18:18:26.717Z""}}","P14","user13","2","Column Flushing - Train 2","[{""M"":{""stepId"":{""N"":""20""},""subStepsShown"":{""BOOL"":false},""timeSpentSec"":{""N"":""48""},""stepNumber"":{""N"":""1""},""exceededThreshold"":{""BOOL"":true}}},{""M"":{""stepId"":{""N"":""21""},""subStepsShown"":{""BOOL"":false},""timeSpentSec"":{""N"":""60""},""stepNumber"":{""N"":""2""},""exceededThreshold"":{""BOOL"":true}}},{""M"":{""stepId"":{""N"":""22""},""subStepsShown"":{""BOOL"":true},""timeSpentSec"":{""N"":""11""},""stepNumber"":{""N"":""3""},""exceededThreshold"":{""BOOL"":true}}},{""M"":{""stepId"":{""N"":""23""},""subStepsShown"":{""BOOL"":false},""timeSpentSec"":{""N"":""6""},""stepNumber"":{""N"":""4""},""exceededThreshold"":{""BOOL"":false}}},{""M"":{""stepId"":{""N"":""24""},""subStepsShown"":{""BOOL"":false},""timeSpentSec"":{""N"":""26""},""stepNumber"":{""N"":""5""},""exceededThreshold"":{""BOOL"":false}}},{""M"":{""stepId"":{""N"":""25""},""subStepsShown"":{""BOOL"":true},""timeSpentSec"":{""N"":""60""},""stepNumber"":{""N"":""6""},""exceededThreshold"":{""BOOL"":true}}},{""M"":{""stepId"":{""N"":""26""},""subStepsShown"":{""BOOL"":false},""timeSpentSec"":{""N"":""7""},""stepNumber"":{""N"":""7""},""exceededThreshold"":{""BOOL"":false}}},{""M"":{""stepId"":{""N"":""27""},""subStepsShown"":{""BOOL"":false},""timeSpentSec"":{""N"":""30""},""stepNumber"":{""N"":""8""},""exceededThreshold"":{""BOOL"":false}}},{""M"":{""stepId"":{""N"":""31""},""subStepsShown"":{""BOOL"":false},""timeSpentSec"":{""N"":""25""},""stepNumber"":{""N"":""9""},""exceededThreshold"":{""BOOL"":true}}},{""M"":{""stepId"":{""N"":""32""},""subStepsShown"":{""BOOL"":false},""timeSpentSec"":{""N"":""29""},""stepNumber"":{""N"":""10""},""exceededThreshold"":{""BOOL"":false}}},{""M"":{""stepId"":{""N"":""33""},""subStepsShown"":{""BOOL"":false},""timeSpentSec"":{""N"":""22""},""stepNumber"":{""N"":""11""},""exceededThreshold"":{""BOOL"":false}}},{""M"":{""stepId"":{""N"":""34""},""subStepsShown"":{""BOOL"":false},""timeSpentSec"":{""N"":""20""},""stepNumber"":{""N"":""12""},""exceededThreshold"":{""BOOL"":true}}},{""M"":{""stepId"":{""N"":""35""},""subStepsShown"":{""BOOL"":false},""timeSpentSec"":{""N"":""18""},""stepNumber"":{""N"":""13""},""exceededThreshold"":{""BOOL"":false}}},{""M"":{""stepId"":{""N"":""36""},""subStepsShown"":{""BOOL"":false},""timeSpentSec"":{""N"":""20""},""stepNumber"":{""N"":""14""},""exceededThreshold"":{""BOOL"":false}}}]","389","2"
"sess_1764628993464_q1gxv4","2025-12-01T22:43:13.464Z","{""createdAt"":{""S"":""2025-12-01T22:43:13.464Z""},""version"":{""S"":""1.0""},""completedAt"":{""S"":""2025-12-01T22:43:13.270Z""}}","P6","test_user","1","","[{""M"":{""stepId"":{""N"":""1""},""subStepsShown"":{""BOOL"":false},""timeSpentSec"":{""N"":""1""},""stepNumber"":{""N"":""1""},""exceededThreshold"":{""BOOL"":false}}},{""M"":{""stepId"":{""N"":""5""},""subStepsShown"":{""BOOL"":false},""timeSpentSec"":{""N"":""1""},""stepNumber"":{""N"":""2""},""exceededThreshold"":{""BOOL"":false}}},{""M"":{""stepId"":{""N"":""6""},""subStepsShown"":{""BOOL"":false},""timeSpentSec"":{""N"":""1""},""stepNumber"":{""N"":""3""},""exceededThreshold"":{""BOOL"":false}}},{""M"":{""stepId"":{""N"":""11""},""subStepsShown"":{""BOOL"":false},""timeSpentSec"":{""N"":""1""},""stepNumber"":{""N"":""4""},""exceededThreshold"":{""BOOL"":false}}},{""M"":{""stepId"":{""N"":""12""},""subStepsShown"":{""BOOL"":false},""timeSpentSec"":{""N"":""2""},""stepNumber"":{""N"":""5""},""exceededThreshold"":{""BOOL"":false}}},{""M"":{""stepId"":{""N"":""13""},""subStepsShown"":{""BOOL"":false},""timeSpentSec"":{""N"":""1""},""stepNumber"":{""N"":""6""},""exceededThreshold"":{""BOOL"":false}}},{""M"":{""stepId"":{""N"":""14""},""subStepsShown"":{""BOOL"":false},""timeSpentSec"":{""N"":""1""},""stepNumber"":{""N"":""7""},""exceededThreshold"":{""BOOL"":false}}},{""M"":{""stepId"":{""N"":""15""},""subStepsShown"":{""BOOL"":false},""timeSpentSec"":{""N"":""0""},""stepNumber"":{""N"":""8""},""exceededThreshold"":{""BOOL"":false}}}]","11",""
"sess_1764862036407_ac5ipm","2025-12-04T15:27:16.407Z","{""createdAt"":{""S"":""2025-12-04T15:27:16.407Z""},""version"":{""S"":""1.0""},""completedAt"":{""S"":""2025-12-04T15:27:14.719Z""}}","P11","user_32","1","Centrifuge - Train 1","[{""M"":{""stepId"":{""N"":""1""},""subStepsShown"":{""BOOL"":true},""timeSpentSec"":{""N"":""179""},""stepNumber"":{""N"":""1""},""exceededThreshold"":{""BOOL"":true}}},{""M"":{""stepId"":{""N"":""2""},""subStepsShown"":{""BOOL"":false},""timeSpentSec"":{""N"":""12""},""stepNumber"":{""N"":""2""},""exceededThreshold"":{""BOOL"":false}}},{""M"":{""stepId"":{""N"":""6""},""subStepsShown"":{""BOOL"":true},""timeSpentSec"":{""N"":""833""},""stepNumber"":{""N"":""3""},""exceededThreshold"":{""BOOL"":true}}},{""M"":{""stepId"":{""N"":""11""},""subStepsShown"":{""BOOL"":false},""timeSpentSec"":{""N"":""29""},""stepNumber"":{""N"":""4""},""exceededThreshold"":{""BOOL"":false}}},{""M"":{""stepId"":{""N"":""12""},""subStepsShown"":{""BOOL"":false},""timeSpentSec"":{""N"":""334""},""stepNumber"":{""N"":""5""},""exceededThreshold"":{""BOOL"":true}}},{""M"":{""stepId"":{""N"":""13""},""subStepsShown"":{""BOOL"":true},""timeSpentSec"":{""N"":""60""},""stepNumber"":{""N"":""6""},""exceededThreshold"":{""BOOL"":true}}},{""M"":{""stepId"":{""N"":""14""},""subStepsShown"":{""BOOL"":false},""timeSpentSec"":{""N"":""5""},""stepNumber"":{""N"":""7""},""exceededThreshold"":{""BOOL"":false}}},{""M"":{""stepId"":{""N"":""15""},""subStepsShown"":{""BOOL"":false},""timeSpentSec"":{""N"":""7""},""stepNumber"":{""N"":""8""},""exceededThreshold"":{""BOOL"":true}}}]","1463","1"